,Date,cointegration,,Date,cointegration,,Date,cointegration,,Date,cointegration,,Date,cointegration,,Date,cointegration,,Date,cointegration,,Date,cointegration
1,2017/11/22 20:01,1610.734532,,2017/11/23 19:31,1602.410588,,2017/11/26 19:01,1587.533195,,2017/11/27 19:01,1666.739613,,2017/11/28 19:01,1591.289532,,2017/11/29 19:01,1674.568137,,2017/11/30 19:01,1705.81604,,2017/12/3 19:01,1591.748341
2,2017/11/22 20:02,1610.83156,,2017/11/23 19:32,1602.648364,,2017/11/26 19:02,1587.634349,,2017/11/27 19:02,1666.141997,,2017/11/28 19:02,1591.205525,,2017/11/29 19:02,1675.150131,,2017/11/30 19:02,1705.311818,,2017/12/3 19:02,1591.994355
3,2017/11/22 20:03,1610.839634,,2017/11/23 19:33,1602.596011,,2017/11/26 19:03,1587.859681,,2017/11/27 19:03,1665.86458,,2017/11/28 19:03,1591.069421,,2017/11/29 19:03,1675.558224,,2017/11/30 19:03,1705.535808,,2017/12/3 19:03,1592.284767
4,2017/11/22 20:04,1611.13072,,2017/11/23 19:34,1602.391397,,2017/11/26 19:04,1587.949813,,2017/11/27 19:04,1665.86458,,2017/11/28 19:04,1591.125426,,2017/11/29 19:04,1675.557228,,2017/11/30 19:04,1704.964486,,2017/12/3 19:04,1592.113358
5,2017/11/22 20:05,1611.227748,,2017/11/23 19:35,1602.058511,,2017/11/26 19:05,1587.915768,,2017/11/27 19:05,1665.947337,,2017/11/28 19:05,1591.069421,,2017/11/29 19:05,1675.460727,,2017/11/30 19:05,1705.390506,,2017/12/3 19:05,1591.6018
6,2017/11/22 20:06,1611.429879,,2017/11/23 19:36,1601.858694,,2017/11/26 19:06,1587.982878,,2017/11/27 19:06,1665.558954,,2017/11/28 19:06,1590.586652,,2017/11/29 19:06,1675.557228,,2017/11/30 19:06,1705.872037,,2017/12/3 19:06,1591.402853
7,2017/11/22 20:07,1611.626627,,2017/11/23 19:37,1601.763584,,2017/11/26 19:07,1588.118077,,2017/11/27 19:07,1665.558954,,2017/11/28 19:07,1590.087605,,2017/11/29 19:07,1675.615527,,2017/11/30 19:07,1705.81604,,2017/12/3 19:07,1591.160844
8,2017/11/22 20:08,1611.77217,,2017/11/23 19:38,1601.716029,,2017/11/26 19:08,1588.646871,,2017/11/27 19:08,1665.76725,,2017/11/28 19:08,1589.175251,,2017/11/29 19:08,1675.346121,,2017/11/30 19:08,1705.93938,,2017/12/3 19:08,1591.21058
9,2017/11/22 20:09,1611.925786,,2017/11/23 19:39,1601.411507,,2017/11/26 19:09,1588.827136,,2017/11/27 19:09,1665.836371,,2017/11/28 19:09,1588.91368,,2017/11/29 19:09,1675.034529,,2017/11/30 19:09,1705.793835,,2017/12/3 19:09,1591.014303
10,2017/11/22 20:10,1612.513341,,2017/11/23 19:40,1601.126175,,2017/11/26 19:10,1588.793092,,2017/11/27 19:10,1665.517108,,2017/11/28 19:10,1588.91368,,2017/11/29 19:10,1674.996327,,2017/11/30 19:10,1705.90583,,2017/12/3 19:10,1590.818025
11,2017/11/22 20:11,1612.561855,,2017/11/23 19:41,1601.031065,,2017/11/26 19:11,1588.793092,,2017/11/27 19:11,1665.461624,,2017/11/28 19:11,1588.959048,,2017/11/29 19:11,1674.996327,,2017/11/30 19:11,1705.961828,,2017/12/3 19:11,1590.624418
12,2017/11/22 20:12,1611.669759,,2017/11/23 19:42,1601.17373,,2017/11/26 19:12,1588.737004,,2017/11/27 19:12,1665.461624,,2017/11/28 19:12,1589.196525,,2017/11/29 19:12,1675.188333,,2017/11/30 19:12,1706.353812,,2017/12/3 19:12,1590.722556
13,2017/11/22 20:13,1611.626627,,2017/11/23 19:43,1601.121378,,2017/11/26 19:13,1588.961355,,2017/11/27 19:13,1665.593514,,2017/11/28 19:13,1589.263166,,2017/11/29 19:13,1675.808529,,2017/11/30 19:13,1705.84959,,2017/12/3 19:13,1591.015638
14,2017/11/22 20:14,1611.77217,,2017/11/23 19:44,1601.121378,,2017/11/26 19:14,1589.366952,,2017/11/27 19:14,1665.850943,,2017/11/28 19:14,1589.444638,,2017/11/29 19:14,1676.120121,,2017/11/30 19:14,1705.547154,,2017/12/3 19:14,1590.869097
15,2017/11/22 20:15,1611.667068,,2017/11/23 19:45,1601.268841,,2017/11/26 19:15,1589.276819,,2017/11/27 19:15,1666.017393,,2017/11/28 19:15,1589.308534,,2017/11/29 19:15,1675.770327,,2017/11/30 19:15,1705.547154,,2017/12/3 19:15,1590.917499
16,2017/11/22 20:16,1611.575422,,2017/11/23 19:46,1601.121378,,2017/11/26 19:16,1588.838158,,2017/11/27 19:16,1665.878217,,2017/11/28 19:16,1589.500643,,2017/11/29 19:16,1675.790424,,2017/11/30 19:16,1705.692699,,2017/12/3 19:16,1591.06404
17,2017/11/22 20:17,1611.720965,,2017/11/23 19:47,1600.978712,,2017/11/26 19:17,1588.939312,,2017/11/27 19:17,1665.628074,,2017/11/28 19:17,1590.098242,,2017/11/29 19:17,1675.519026,,2017/11/30 19:17,1705.547154,,2017/12/3 19:17,1591.77054
18,2017/11/22 20:18,1611.521525,,2017/11/23 19:48,1601.126175,,2017/11/26 19:18,1589.029445,,2017/11/27 19:18,1665.072305,,2017/11/28 19:18,1590.087605,,2017/11/29 19:18,1675.036521,,2017/11/30 19:18,1705.502258,,2017/12/3 19:18,1591.258982
19,2017/11/22 20:19,1611.524216,,2017/11/23 19:49,1601.226083,,2017/11/26 19:19,1588.939312,,2017/11/27 19:19,1664.739405,,2017/11/28 19:19,1590.087605,,2017/11/29 19:19,1674.686726,,2017/11/30 19:19,1705.334265,,2017/12/3 19:19,1591.21058
20,2017/11/22 20:20,1611.524216,,2017/11/23 19:50,1601.321194,,2017/11/26 19:20,1589.074511,,2017/11/27 19:20,1665.197844,,2017/11/28 19:20,1589.940864,,2017/11/29 19:20,1675.054626,,2017/11/30 19:20,1705.379161,,2017/12/3 19:20,1591.258982
21,2017/11/22 20:21,1611.524216,,2017/11/23 19:51,1601.52101,,2017/11/26 19:21,1589.074511,,2017/11/27 19:21,1665.503471,,2017/11/28 19:21,1589.951501,,2017/11/29 19:21,1674.996327,,2017/11/30 19:21,1705.704044,,2017/12/3 19:21,1591.21058
22,2017/11/22 20:22,1611.77217,,2017/11/23 19:52,1601.468657,,2017/11/26 19:22,1589.102555,,2017/11/27 19:22,1665.607151,,2017/11/28 19:22,1590.132973,,2017/11/29 19:22,1674.861624,,2017/11/30 19:22,1705.760042,,2017/12/3 19:22,1591.260317
23,2017/11/22 20:23,1611.869199,,2017/11/23 19:53,1601.468657,,2017/11/26 19:23,1589.057489,,2017/11/27 19:23,1665.385218,,2017/11/28 19:23,1590.042237,,2017/11/29 19:23,1674.686726,,2017/11/30 19:23,1705.648047,,2017/12/3 19:23,1591.308719
24,2017/11/22 20:24,1611.621245,,2017/11/23 19:54,1601.437683,,2017/11/26 19:24,1589.220732,,2017/11/27 19:24,1665.364294,,2017/11/28 19:24,1590.206343,,2017/11/29 19:24,1674.861624,,2017/11/30 19:24,1706.163857,,2017/12/3 19:24,1591.21058
25,2017/11/22 20:25,1611.125337,,2017/11/23 19:55,1601.152352,,2017/11/26 19:25,1589.074511,,2017/11/27 19:25,1665.100514,,2017/11/28 19:25,1590.014235,,2017/11/29 19:25,1674.861624,,2017/11/30 19:25,1707.149854,,2017/12/3 19:25,1591.260317
26,2017/11/22 20:26,1610.882766,,2017/11/23 19:56,1601.152352,,2017/11/26 19:26,1589.130599,,2017/11/27 19:26,1665.274251,,2017/11/28 19:26,1589.906134,,2017/11/29 19:26,1674.978222,,2017/11/30 19:26,1707.205608,,2017/12/3 19:26,1591.357121
27,2017/11/22 20:27,1611.23313,,2017/11/23 19:57,1601.516212,,2017/11/26 19:27,1589.130599,,2017/11/27 19:27,1665.385218,,2017/11/28 19:27,1590.087605,,2017/11/29 19:27,1674.803324,,2017/11/30 19:27,1706.869622,,2017/12/3 19:27,1591.357121
28,2017/11/22 20:28,1611.324777,,2017/11/23 19:58,1601.321194,,2017/11/26 19:28,1589.074511,,2017/11/27 19:28,1665.253328,,2017/11/28 19:28,1590.014235,,2017/11/29 19:28,1674.724928,,2017/11/30 19:28,1707.160956,,2017/12/3 19:28,1591.405523
29,2017/11/22 20:29,1611.276262,,2017/11/23 19:59,1601.321194,,2017/11/26 19:29,1589.231753,,2017/11/27 19:29,1665.232404,,2017/11/28 19:29,1589.88486,,2017/11/29 19:29,1674.765122,,2017/11/30 19:29,1707.261606,,2017/12/3 19:29,1591.502327
30,2017/11/22 20:30,1611.820685,,2017/11/23 20:00,1601.716029,,2017/11/26 19:30,1589.231753,,2017/11/27 19:30,1665.197844,,2017/11/28 19:30,1589.986232,,2017/11/29 19:30,1674.648524,,2017/11/30 19:30,1707.18316,,2017/12/3 19:30,1591.453925
31,2017/11/22 20:31,1611.769479,,2017/11/23 20:01,1601.716029,,2017/11/26 19:31,1589.276819,,2017/11/27 19:31,1665.197844,,2017/11/28 19:31,1589.940864,,2017/11/29 19:31,1674.473627,,2017/11/30 19:31,1707.015167,,2017/12/3 19:31,1591.502327
32,2017/11/22 20:32,1611.67245,,2017/11/23 20:02,1601.620918,,2017/11/26 19:32,1589.377974,,2017/11/27 19:32,1665.308811,,2017/11/28 19:32,1589.986232,,2017/11/29 19:32,1674.879729,,2017/11/30 19:32,1707.138508,,2017/12/3 19:32,1591.357121
33,2017/11/22 20:33,1611.743876,,2017/11/23 20:03,1601.516212,,2017/11/26 19:33,1589.276819,,2017/11/27 19:33,1665.142361,,2017/11/28 19:33,1590.178341,,2017/11/29 19:33,1675.016424,,2017/11/30 19:33,1707.205851,,2017/12/3 19:33,1591.453925
34,2017/11/22 20:34,1611.720965,,2017/11/23 20:04,1601.4259,,2017/11/26 19:34,1589.276819,,2017/11/27 19:34,1665.253328,,2017/11/28 19:34,1590.0316,,2017/11/29 19:34,1674.841527,,2017/11/30 19:34,1707.452046,,2017/12/3 19:34,1591.402853
35,2017/11/22 20:35,1611.720965,,2017/11/23 20:05,1601.52101,,2017/11/26 19:35,1589.321886,,2017/11/27 19:35,1665.142361,,2017/11/28 19:35,1589.940864,,2017/11/29 19:35,1674.841527,,2017/11/30 19:35,1707.228056,,2017/12/3 19:35,1591.160844
36,2017/11/22 20:36,1611.669759,,2017/11/23 20:06,1601.620918,,2017/11/26 19:36,1589.164644,,2017/11/27 19:36,1665.155998,,2017/11/28 19:36,1589.940864,,2017/11/29 19:36,1674.724928,,2017/11/30 19:36,1707.02627,,2017/12/3 19:36,1590.918834
37,2017/11/22 20:37,1611.427188,,2017/11/23 20:07,1601.768382,,2017/11/26 19:37,1588.928291,,2017/11/27 19:37,1665.197844,,2017/11/28 19:37,1590.266256,,2017/11/29 19:37,1675.034529,,2017/11/30 19:37,1706.813381,,2017/12/3 19:37,1591.113776
38,2017/11/22 20:38,1611.524216,,2017/11/23 20:08,1601.863492,,2017/11/26 19:38,1588.883224,,2017/11/27 19:38,1665.266965,,2017/11/28 19:38,1590.831945,,2017/11/29 19:38,1674.899826,,2017/11/30 19:38,1706.566943,,2017/12/3 19:38,1591.358456
39,2017/11/22 20:39,1611.373291,,2017/11/23 20:09,1601.915845,,2017/11/26 19:39,1588.973357,,2017/11/27 19:39,1665.211481,,2017/11/28 19:39,1591.058784,,2017/11/29 19:39,1674.841527,,2017/11/30 19:39,1706.622941,,2017/12/3 19:39,1591.406858
40,2017/11/22 20:40,1610.979794,,2017/11/23 20:10,1601.806341,,2017/11/26 19:40,1588.928291,,2017/11/27 19:40,1665.308811,,2017/11/28 19:40,1591.114789,,2017/11/29 19:40,1674.899826,,2017/11/30 19:40,1705.838487,,2017/12/3 19:40,1591.503662
41,2017/11/22 20:41,1610.979794,,2017/11/23 20:11,1601.568565,,2017/11/26 19:41,1588.984378,,2017/11/27 19:41,1665.232404,,2017/11/28 19:41,1590.922681,,2017/11/29 19:41,1674.686726,,2017/11/30 19:41,1706.051376,,2017/12/3 19:41,1591.354451
42,2017/11/22 20:42,1611.424497,,2017/11/23 20:12,1601.568565,,2017/11/26 19:42,1588.883224,,2017/11/27 19:42,1665.211481,,2017/11/28 19:42,1590.877313,,2017/11/29 19:42,1674.610322,,2017/11/30 19:42,1706.219369,,2017/12/3 19:42,1591.357121
43,2017/11/22 20:43,1611.928478,,2017/11/23 20:13,1601.506617,,2017/11/26 19:43,1588.973357,,2017/11/27 19:43,1665.100514,,2017/11/28 19:43,1590.968048,,2017/11/29 19:43,1674.318827,,2017/11/30 19:43,1706.051376,,2017/12/3 19:43,1591.357121
44,2017/11/22 20:44,1612.316592,,2017/11/23 20:14,1601.17373,,2017/11/26 19:44,1589.057489,,2017/11/27 19:44,1664.989548,,2017/11/28 19:44,1590.838673,,2017/11/29 19:44,1674.686726,,2017/11/30 19:44,1706.073823,,2017/12/3 19:44,1591.310054
45,2017/11/22 20:45,1612.661575,,2017/11/23 20:15,1600.079539,,2017/11/26 19:45,1589.141621,,2017/11/27 19:45,1665.155998,,2017/11/28 19:45,1590.877313,,2017/11/29 19:45,1674.648524,,2017/11/30 19:45,1706.510945,,2017/12/3 19:45,1591.747006
46,2017/11/22 20:46,1613.303025,,2017/11/23 20:16,1600.051174,,2017/11/26 19:46,1589.332907,,2017/11/27 19:46,1665.155998,,2017/11/28 19:46,1590.821308,,2017/11/29 19:46,1674.455522,,2017/11/30 19:46,1706.544495,,2017/12/3 19:46,1591.651537
47,2017/11/22 20:47,1613.205997,,2017/11/23 20:17,1600.241395,,2017/11/26 19:47,1589.377974,,2017/11/27 19:47,1665.045031,,2017/11/28 19:47,1590.77594,,2017/11/29 19:47,1674.164027,,2017/11/30 19:47,1706.488498,,2017/12/3 19:47,1591.796743
48,2017/11/22 20:48,1613.254511,,2017/11/23 20:18,1600.336505,,2017/11/26 19:48,1589.220732,,2017/11/27 19:48,1665.155998,,2017/11/28 19:48,1590.77594,,2017/11/29 19:48,1674.009227,,2017/11/30 19:48,1706.533393,,2017/12/3 19:48,1592.138226
49,2017/11/22 20:49,1613.354231,,2017/11/23 20:19,1600.079539,,2017/11/26 19:49,1589.186687,,2017/11/27 19:49,1665.155998,,2017/11/28 19:49,1590.618563,,2017/11/29 19:49,1673.98913,,2017/11/30 19:49,1706.600493,,2017/12/3 19:49,1592.334504
50,2017/11/22 20:50,1613.354231,,2017/11/23 20:20,1599.651542,,2017/11/26 19:50,1589.186687,,2017/11/27 19:50,1664.919492,,2017/11/28 19:50,1590.685204,,2017/11/29 19:50,1674.280625,,2017/11/30 19:50,1706.39895,,2017/12/3 19:50,1592.431308
51,2017/11/22 20:51,1613.604876,,2017/11/23 20:21,1599.099648,,2017/11/26 19:51,1589.231753,,2017/11/27 19:51,1664.753042,,2017/11/28 19:51,1590.821308,,2017/11/29 19:51,1674.164027,,2017/11/30 19:51,1706.566943,,2017/12/3 19:51,1592.431308
52,2017/11/22 20:52,1613.801624,,2017/11/23 20:22,1598.714409,,2017/11/26 19:52,1589.468106,,2017/11/27 19:52,1664.433778,,2017/11/28 19:52,1591.160157,,2017/11/29 19:52,1673.757926,,2017/11/30 19:52,1706.331607,,2017/12/3 19:52,1592.382906
53,2017/11/22 20:53,1614.044196,,2017/11/23 20:23,1598.619298,,2017/11/26 19:53,1589.479128,,2017/11/27 19:53,1664.399218,,2017/11/28 19:53,1591.278895,,2017/11/29 19:53,1673.757926,,2017/11/30 19:53,1706.656734,,2017/12/3 19:53,1592.873599
54,2017/11/22 20:54,1614.588618,,2017/11/23 20:24,1598.96178,,2017/11/26 19:54,1589.468106,,2017/11/27 19:54,1664.475625,,2017/11/28 19:54,1591.104152,,2017/11/29 19:54,1673.913722,,2017/11/30 19:54,1707.138265,,2017/12/3 19:54,1593.360288
55,2017/11/22 20:55,1614.785366,,2017/11/23 20:25,1599.009335,,2017/11/26 19:55,1589.513173,,2017/11/27 19:55,1664.586592,,2017/11/28 19:55,1591.058784,,2017/11/29 19:55,1673.680526,,2017/11/30 19:55,1706.914274,,2017/12/3 19:55,1593.40869
56,2017/11/22 20:56,1614.736852,,2017/11/23 20:26,1598.96178,,2017/11/26 19:56,1589.304863,,2017/11/27 19:56,1664.697558,,2017/11/28 19:56,1591.114789,,2017/11/29 19:56,1675.110933,,2017/11/30 19:56,1707.015167,,2017/12/3 19:56,1593.410025
57,2017/11/22 20:57,1614.585927,,2017/11/23 20:27,1598.861872,,2017/11/26 19:57,1589.276819,,2017/11/27 19:57,1664.642075,,2017/11/28 19:57,1591.114789,,2017/11/29 19:57,1675.016424,,2017/11/30 19:57,1707.127163,,2017/12/3 19:57,1593.458427
58,2017/11/22 20:58,1614.360885,,2017/11/23 20:28,1598.709611,,2017/11/26 19:58,1589.231753,,2017/11/27 19:58,1664.697558,,2017/11/28 19:58,1591.069421,,2017/11/29 19:58,1674.841527,,2017/11/30 19:58,1707.474737,,2017/12/3 19:58,1593.656039
59,2017/11/22 20:59,1614.166827,,2017/11/23 20:29,1598.566945,,2017/11/26 19:59,1589.321886,,2017/11/27 19:59,1664.642075,,2017/11/28 19:59,1591.160157,,2017/11/29 19:59,1674.899826,,2017/11/30 19:59,1707.698728,,2017/12/3 19:59,1594.140059
60,2017/11/22 21:00,1614.044196,,2017/11/23 20:30,1598.091393,,2017/11/26 20:00,1589.321886,,2017/11/27 20:00,1664.642075,,2017/11/28 20:00,1591.114789,,2017/11/29 20:00,1674.031316,,2017/11/30 20:00,1707.586733,,2017/12/3 20:00,1593.703106
61,2017/11/22 21:01,1613.99299,,2017/11/23 20:31,1598.467037,,2017/11/26 20:01,1589.220732,,2017/11/27 20:01,1664.815811,,2017/11/28 20:01,1591.069421,,2017/11/29 20:01,1672.809028,,2017/11/30 20:01,1707.48584,,2017/12/3 20:01,1593.848312
62,2017/11/22 21:02,1613.895962,,2017/11/23 20:32,1598.419482,,2017/11/26 20:02,1588.984378,,2017/11/27 20:02,1664.850371,,2017/11/28 20:02,1591.160157,,2017/11/29 20:02,1672.849222,,2017/11/30 20:02,1707.586733,,2017/12/3 20:02,1593.898049
63,2017/11/22 21:03,1614.251709,,2017/11/23 20:33,1598.371927,,2017/11/26 20:03,1589.119577,,2017/11/27 20:03,1664.905855,,2017/11/28 20:03,1591.114789,,2017/11/29 20:03,1672.674325,,2017/11/30 20:03,1707.698728,,2017/12/3 20:03,1593.994853
64,2017/11/22 21:04,1614.61153,,2017/11/23 20:34,1598.367129,,2017/11/26 20:04,1588.9954,,2017/11/27 20:04,1664.926778,,2017/11/28 20:04,1591.160157,,2017/11/29 20:04,1672.616026,,2017/11/30 20:04,1707.620283,,2017/12/3 20:04,1593.945116
65,2017/11/22 21:05,1614.514501,,2017/11/23 20:35,1598.224463,,2017/11/26 20:05,1589.186687,,2017/11/27 20:05,1665.003185,,2017/11/28 20:05,1591.216162,,2017/11/29 20:05,1672.674325,,2017/11/30 20:05,1707.64273,,2017/12/3 20:05,1594.142728
66,2017/11/22 21:06,1614.856792,,2017/11/23 20:36,1598.329169,,2017/11/26 20:06,1589.231753,,2017/11/27 20:06,1665.024108,,2017/11/28 20:06,1591.142791,,2017/11/29 20:06,1672.829125,,2017/11/30 20:06,1707.799621,,2017/12/3 20:06,1594.140059
67,2017/11/22 21:07,1614.782675,,2017/11/23 20:37,1598.024647,,2017/11/26 20:07,1589.276819,,2017/11/27 20:07,1665.135075,,2017/11/28 20:07,1591.142791,,2017/11/29 20:07,1672.945723,,2017/11/30 20:07,1707.855619,,2017/12/3 20:07,1594.043255
68,2017/11/22 21:08,1614.637132,,2017/11/23 20:38,1597.929537,,2017/11/26 20:08,1589.321886,,2017/11/27 20:08,1665.003185,,2017/11/28 20:08,1591.205525,,2017/11/29 20:08,1672.750729,,2017/11/30 20:08,1707.855619,,2017/12/3 20:08,1594.11786
69,2017/11/22 21:09,1614.583236,,2017/11/23 20:39,1598.467037,,2017/11/26 20:09,1589.715481,,2017/11/27 20:09,1664.947701,,2017/11/28 20:09,1591.114789,,2017/11/29 20:09,1672.809028,,2017/11/30 20:09,1707.653832,,2017/12/3 20:09,1593.994853
70,2017/11/22 21:10,1614.734161,,2017/11/23 20:40,1598.566945,,2017/11/26 20:10,1589.558239,,2017/11/27 20:10,1664.947701,,2017/11/28 20:10,1591.170794,,2017/11/29 20:10,1673.06033,,2017/11/30 20:10,1707.440944,,2017/12/3 20:10,1593.898049
71,2017/11/22 21:11,1614.782675,,2017/11/23 20:41,1598.566945,,2017/11/26 20:11,1589.42304,,2017/11/27 20:11,1665.003185,,2017/11/28 20:11,1591.216162,,2017/11/29 20:11,1673.235227,,2017/11/30 20:11,1707.328949,,2017/12/3 20:11,1593.849647
72,2017/11/22 21:12,1614.990188,,2017/11/23 20:42,1598.566945,,2017/11/26 20:12,1589.468106,,2017/11/27 20:12,1665.003185,,2017/11/28 20:12,1591.024053,,2017/11/29 20:12,1673.293526,,2017/11/30 20:12,1707.317603,,2017/12/3 20:12,1593.849647
73,2017/11/22 21:13,1614.982115,,2017/11/23 20:43,1598.167313,,2017/11/26 20:13,1589.394996,,2017/11/27 20:13,1665.253328,,2017/11/28 20:13,1591.282804,,2017/11/29 20:13,1673.176928,,2017/11/30 20:13,1707.194263,,2017/12/3 20:13,1593.898049
74,2017/11/22 21:14,1614.982115,,2017/11/23 20:44,1597.929537,,2017/11/26 20:14,1589.34993,,2017/11/27 20:14,1665.406141,,2017/11/28 20:14,1591.66702,,2017/11/29 20:14,1673.36993,,2017/11/30 20:14,1707.194506,,2017/12/3 20:14,1593.896714
75,2017/11/22 21:15,1614.785366,,2017/11/23 20:45,1597.960511,,2017/11/26 20:15,1589.304863,,2017/11/27 20:15,1665.461624,,2017/11/28 20:15,1591.848492,,2017/11/29 20:15,1673.603126,,2017/11/30 20:15,1707.250503,,2017/12/3 20:15,1593.848312
76,2017/11/22 21:16,1614.637132,,2017/11/23 20:46,1598.367129,,2017/11/26 20:16,1589.34993,,2017/11/27 20:16,1665.46891,,2017/11/28 20:16,1591.583013,,2017/11/29 20:16,1673.98913,,2017/11/30 20:16,1707.384946,,2017/12/3 20:16,1594.091657
77,2017/11/22 21:17,1614.685647,,2017/11/23 20:47,1598.224463,,2017/11/26 20:17,1589.524194,,2017/11/27 20:17,1665.558954,,2017/11/28 20:17,1591.509643,,2017/11/29 20:17,1674.164027,,2017/11/30 20:17,1707.810723,,2017/12/3 20:17,1593.896714
78,2017/11/22 21:18,1614.19243,,2017/11/23 20:48,1598.276816,,2017/11/26 20:18,1589.524194,,2017/11/27 20:18,1665.739977,,2017/11/28 20:18,1591.600379,,2017/11/29 20:18,1674.511829,,2017/11/30 20:18,1707.810723,,2017/12/3 20:18,1593.846978
79,2017/11/22 21:19,1613.745037,,2017/11/23 20:49,1598.419482,,2017/11/26 20:19,1589.614327,,2017/11/27 20:19,1665.96191,,2017/11/28 20:19,1591.600379,,2017/11/29 20:19,1674.803324,,2017/11/30 20:19,1707.698728,,2017/12/3 20:19,1593.750174
80,2017/11/22 21:20,1613.648008,,2017/11/23 20:50,1598.419482,,2017/11/26 20:20,1589.214731,,2017/11/27 20:20,1665.809097,,2017/11/28 20:20,1591.656384,,2017/11/29 20:20,1674.571124,,2017/11/30 20:20,1707.698728,,2017/12/3 20:20,1593.65337
81,2017/11/22 21:21,1613.648008,,2017/11/23 20:51,1598.367129,,2017/11/26 20:21,1589.242775,,2017/11/27 20:21,1665.809097,,2017/11/28 20:21,1591.628381,,2017/11/29 20:21,1674.473627,,2017/11/30 20:21,1707.541837,,2017/12/3 20:21,1593.700437
82,2017/11/22 21:22,1613.798933,,2017/11/23 20:52,1598.272018,,2017/11/26 20:22,1589.248776,,2017/11/27 20:22,1665.850943,,2017/11/28 20:22,1591.701751,,2017/11/29 20:22,1674.435425,,2017/11/30 20:22,1707.250017,,2017/12/3 20:22,1593.652035
83,2017/11/22 21:23,1613.944476,,2017/11/23 20:53,1598.272018,,2017/11/26 20:23,1589.113577,,2017/11/27 20:23,1665.96191,,2017/11/28 20:23,1591.656384,,2017/11/29 20:23,1674.318827,,2017/11/30 20:23,1706.634043,,2017/12/3 20:23,1593.603633
84,2017/11/22 21:24,1614.069799,,2017/11/23 20:54,1598.186503,,2017/11/26 20:24,1589.130599,,2017/11/27 20:24,1665.920064,,2017/11/28 20:24,1591.481641,,2017/11/29 20:24,1674.183128,,2017/11/30 20:24,1706.219612,,2017/12/3 20:24,1593.555231
85,2017/11/22 21:25,1613.99299,,2017/11/23 20:55,1598.162515,,2017/11/26 20:25,1589.231753,,2017/11/27 20:25,1665.933701,,2017/11/28 20:25,1591.397633,,2017/11/29 20:25,1674.318827,,2017/11/30 20:25,1706.309159,,2017/12/3 20:25,1593.65337
86,2017/11/22 21:26,1613.99299,,2017/11/23 20:56,1597.829628,,2017/11/26 20:26,1589.220732,,2017/11/27 20:26,1665.669921,,2017/11/28 20:26,1591.240256,,2017/11/29 20:26,1674.29873,,2017/11/30 20:26,1706.420912,,2017/12/3 20:26,1593.654704
87,2017/11/22 21:27,1613.847447,,2017/11/23 20:57,1597.760694,,2017/11/26 20:27,1589.175665,,2017/11/27 20:27,1665.669921,,2017/11/28 20:27,1591.058784,,2017/11/29 20:27,1674.648524,,2017/11/30 20:27,1705.860935,,2017/12/3 20:27,1593.79991
88,2017/11/22 21:28,1613.842065,,2017/11/23 20:58,1597.829628,,2017/11/26 20:28,1589.231753,,2017/11/27 20:28,1665.86458,,2017/11/28 20:28,1591.362902,,2017/11/29 20:28,1674.493724,,2017/11/30 20:28,1706.040759,,2017/12/3 20:28,1593.873181
89,2017/11/22 21:29,1613.696522,,2017/11/23 20:59,1597.734518,,2017/11/26 20:29,1589.276819,,2017/11/27 20:29,1665.76725,,2017/11/28 20:29,1591.453638,,2017/11/29 20:29,1674.395231,,2017/11/30 20:29,1706.981861,,2017/12/3 20:29,1594.043255
90,2017/11/22 21:30,1613.300334,,2017/11/23 21:00,1597.782073,,2017/11/26 20:30,1589.445083,,2017/11/27 20:30,1665.809097,,2017/11/28 20:30,1591.128246,,2017/11/29 20:30,1674.455522,,2017/11/30 20:30,1707.340051,,2017/12/3 20:30,1594.04192
91,2017/11/22 21:31,1613.550979,,2017/11/23 21:01,1597.929537,,2017/11/26 20:31,1589.670415,,2017/11/27 20:31,1665.920064,,2017/11/28 20:31,1590.674567,,2017/11/29 20:31,1674.280625,,2017/11/30 20:31,1707.228056,,2017/12/3 20:31,1593.79991
92,2017/11/22 21:32,1613.648008,,2017/11/23 21:02,1597.881981,,2017/11/26 20:32,1589.973877,,2017/11/27 20:32,1666.03103,,2017/11/28 20:32,1590.741209,,2017/11/29 20:32,1674.222326,,2017/11/30 20:32,1707.060063,,2017/12/3 20:32,1593.72664
93,2017/11/22 21:33,1613.699213,,2017/11/23 21:03,1597.686963,,2017/11/26 20:33,1590.401517,,2017/11/27 20:33,1665.76725,,2017/11/28 20:33,1590.409089,,2017/11/29 20:33,1673.892629,,2017/11/30 20:33,1706.869379,,2017/12/3 20:33,1593.849647
94,2017/11/22 21:34,1613.850139,,2017/11/23 21:04,1597.582257,,2017/11/26 20:34,1590.373473,,2017/11/27 20:34,1665.711767,,2017/11/28 20:34,1590.426454,,2017/11/29 20:34,1673.912726,,2017/11/30 20:34,1706.634286,,2017/12/3 20:34,1594.091657
95,2017/11/22 21:35,1614.044196,,2017/11/23 21:05,1597.392036,,2017/11/26 20:35,1590.373473,,2017/11/27 20:35,1665.76725,,2017/11/28 20:35,1590.381086,,2017/11/29 20:35,1673.912726,,2017/11/30 20:35,1706.802279,,2017/12/3 20:35,1593.994853
96,2017/11/22 21:36,1613.844756,,2017/11/23 21:06,1597.587055,,2017/11/26 20:36,1590.468627,,2017/11/27 20:36,1665.76725,,2017/11/28 20:36,1590.409089,,2017/11/29 20:36,1673.98913,,2017/11/30 20:36,1706.667836,,2017/12/3 20:36,1593.849647
97,2017/11/22 21:37,1613.893271,,2017/11/23 21:07,1597.487146,,2017/11/26 20:37,1590.401517,,2017/11/27 20:37,1665.753614,,2017/11/28 20:37,1590.437091,,2017/11/29 20:37,1674.182132,,2017/11/30 20:37,1706.701386,,2017/12/3 20:37,1593.896714
98,2017/11/22 21:38,1613.747728,,2017/11/23 21:08,1597.487146,,2017/11/26 20:38,1590.199209,,2017/11/27 20:38,1665.920064,,2017/11/28 20:38,1590.527827,,2017/11/29 20:38,1674.318827,,2017/11/30 20:38,1706.701386,,2017/12/3 20:38,1593.505494
99,2017/11/22 21:39,1613.844756,,2017/11/23 21:09,1597.755897,,2017/11/26 20:39,1590.199209,,2017/11/27 20:39,1665.920064,,2017/11/28 20:39,1590.527827,,2017/11/29 20:39,1674.435425,,2017/11/30 20:39,1706.791177,,2017/12/3 20:39,1593.40869
100,2017/11/22 21:40,1613.747728,,2017/11/23 21:10,1597.686963,,2017/11/26 20:40,1590.373473,,2017/11/27 20:40,1665.76725,,2017/11/28 20:40,1590.573195,,2017/11/29 20:40,1674.686726,,2017/11/30 20:40,1706.95917,,2017/12/3 20:40,1593.310552
101,2017/11/22 21:41,1613.747728,,2017/11/23 21:11,1597.734518,,2017/11/26 20:41,1590.289342,,2017/11/27 20:41,1665.86458,,2017/11/28 20:41,1590.573195,,2017/11/29 20:41,1675.537131,,2017/11/30 20:41,1707.172301,,2017/12/3 20:41,1593.212413
102,2017/11/22 21:42,1613.622405,,2017/11/23 21:12,1597.934334,,2017/11/26 20:42,1590.199209,,2017/11/27 20:42,1665.920064,,2017/11/28 20:42,1590.381086,,2017/11/29 20:42,1675.846731,,2017/11/30 20:42,1707.57563,,2017/12/3 20:42,1593.263484
103,2017/11/22 21:43,1613.648008,,2017/11/23 21:13,1598.13415,,2017/11/26 20:43,1590.199209,,2017/11/27 20:43,1665.975547,,2017/11/28 20:43,1590.381086,,2017/11/29 20:43,1676.138226,,2017/11/30 20:43,1707.687626,,2017/12/3 20:43,1593.40869
104,2017/11/22 21:44,1613.648008,,2017/11/23 21:14,1598.324371,,2017/11/26 20:44,1590.401517,,2017/11/27 20:44,1665.975547,,2017/11/28 20:44,1590.381086,,2017/11/29 20:44,1678.727642,,2017/11/30 20:44,1707.698728,,2017/12/3 20:44,1593.116944
105,2017/11/22 21:45,1613.796242,,2017/11/23 21:15,1598.224463,,2017/11/26 20:45,1590.401517,,2017/11/27 20:45,1666.017393,,2017/11/28 20:45,1590.437091,,2017/11/29 20:45,1678.848224,,2017/11/30 20:45,1707.821825,,2017/12/3 20:45,1592.967734
106,2017/11/22 21:46,1613.844756,,2017/11/23 21:16,1598.11496,,2017/11/26 20:46,1590.435562,,2017/11/27 20:46,1666.03103,,2017/11/28 20:46,1590.706478,,2017/11/29 20:46,1678.731626,,2017/11/30 20:46,1707.463149,,2017/12/3 20:46,1592.725724
107,2017/11/22 21:47,1613.844756,,2017/11/23 21:17,1597.782073,,2017/11/26 20:47,1590.300363,,2017/11/27 20:47,1665.920064,,2017/11/28 20:47,1591.114789,,2017/11/29 20:47,1678.556729,,2017/11/30 20:47,1706.903172,,2017/12/3 20:47,1592.87093
108,2017/11/22 21:48,1613.844756,,2017/11/23 21:18,1598.13415,,2017/11/26 20:48,1590.199209,,2017/11/27 20:48,1665.76725,,2017/11/28 20:48,1590.821308,,2017/11/29 20:48,1678.673327,,2017/11/30 20:48,1707.11606,,2017/12/3 20:48,1592.869595
109,2017/11/22 21:49,1613.941785,,2017/11/23 21:19,1598.276816,,2017/11/26 20:49,1590.126099,,2017/11/27 20:49,1665.76725,,2017/11/28 20:49,1590.77594,,2017/11/29 20:49,1678.267226,,2017/11/30 20:49,1707.564285,,2017/12/3 20:49,1592.723054
110,2017/11/22 21:50,1613.844756,,2017/11/23 21:20,1598.276816,,2017/11/26 20:50,1590.27734,,2017/11/27 20:50,1665.79546,,2017/11/28 20:50,1590.77594,,2017/11/29 20:50,1678.150628,,2017/11/30 20:50,1707.586733,,2017/12/3 20:50,1592.725724
111,2017/11/22 21:51,1613.45126,,2017/11/23 21:21,1598.17211,,2017/11/26 20:51,1590.547738,,2017/11/27 20:51,1665.96191,,2017/11/28 20:51,1590.77594,,2017/11/29 20:51,1678.03403,,2017/11/30 20:51,1707.586733,,2017/12/3 20:51,1592.967734
112,2017/11/22 21:52,1613.448568,,2017/11/23 21:22,1598.176908,,2017/11/26 20:52,1590.620848,,2017/11/27 20:52,1666.072877,,2017/11/28 20:52,1590.747938,,2017/11/29 20:52,1678.516535,,2017/11/30 20:52,1707.440944,,2017/12/3 20:52,1592.917997
113,2017/11/22 21:53,1613.448568,,2017/11/23 21:23,1598.129353,,2017/11/26 20:53,1590.70498,,2017/11/27 20:53,1666.170207,,2017/11/28 20:53,1590.747938,,2017/11/29 20:53,1678.556729,,2017/11/30 20:53,1707.396049,,2017/12/3 20:53,1592.674652
114,2017/11/22 21:54,1613.850139,,2017/11/23 21:24,1597.63461,,2017/11/26 20:54,1590.829157,,2017/11/27 20:54,1666.336657,,2017/11/28 20:54,1590.77594,,2017/11/29 20:54,1678.922636,,2017/11/30 20:54,1707.373844,,2017/12/3 20:54,1592.62625
115,2017/11/22 21:55,1613.844756,,2017/11/23 21:25,1597.72972,,2017/11/26 20:55,1590.648892,,2017/11/27 20:55,1666.170207,,2017/11/28 20:55,1590.77594,,2017/11/29 20:55,1679.330729,,2017/11/30 20:55,1707.317847,,2017/12/3 20:55,1592.674652
116,2017/11/22 21:56,1613.699213,,2017/11/23 21:26,1597.72972,,2017/11/26 20:56,1590.986399,,2017/11/27 20:56,1666.170207,,2017/11/28 20:56,1590.747938,,2017/11/29 20:56,1679.292527,,2017/11/30 20:56,1707.586733,,2017/12/3 20:56,1592.528112
117,2017/11/22 21:57,1613.847447,,2017/11/23 21:27,1597.734518,,2017/11/26 20:57,1590.885245,,2017/11/27 20:57,1666.267536,,2017/11/28 20:57,1590.747938,,2017/11/29 20:57,1679.137727,,2017/11/30 20:57,1707.384946,,2017/12/3 20:57,1592.55298
118,2017/11/22 21:58,1613.898653,,2017/11/23 21:28,1597.881981,,2017/11/26 20:58,1590.739025,,2017/11/27 20:58,1666.378503,,2017/11/28 20:58,1590.719935,,2017/11/29 20:58,1678.810022,,2017/11/30 20:58,1707.284053,,2017/12/3 20:58,1592.576514
119,2017/11/22 21:59,1613.995682,,2017/11/23 21:29,1597.929537,,2017/11/26 20:59,1590.648892,,2017/11/27 20:59,1666.433987,,2017/11/28 20:59,1590.719935,,2017/11/29 20:59,1678.285331,,2017/11/30 20:59,1707.060063,,2017/12/3 20:59,1592.576514
120,2017/11/22 22:00,1613.895962,,2017/11/23 21:30,1598.034242,,2017/11/26 21:00,1590.648892,,2017/11/27 21:00,1666.267536,,2017/11/28 21:00,1590.719935,,2017/11/29 21:00,1678.169729,,2017/11/30 21:00,1707.183404,,2017/12/3 21:00,1592.530781
121,2017/11/22 22:01,1613.89058,,2017/11/23 21:31,1598.119757,,2017/11/26 21:01,1590.648892,,2017/11/27 21:01,1666.267536,,2017/11/28 21:01,1590.601197,,2017/11/29 21:01,1677.841027,,2017/11/30 21:01,1707.317847,,2017/12/3 21:01,1593.01747
122,2017/11/22 22:02,1613.696522,,2017/11/23 21:32,1598.024647,,2017/11/26 21:02,1590.682937,,2017/11/27 21:02,1666.281173,,2017/11/28 21:02,1590.646565,,2017/11/29 21:02,1677.859132,,2017/11/30 21:02,1707.45229,,2017/12/3 21:02,1594.490886
123,2017/11/22 22:03,1613.745037,,2017/11/23 21:33,1597.977092,,2017/11/26 21:03,1590.63787,,2017/11/27 21:03,1666.170207,,2017/11/28 21:03,1590.646565,,2017/11/29 21:03,1678.03403,,2017/11/30 21:03,1707.508287,,2017/12/3 21:03,1595.071709
124,2017/11/22 22:04,1613.745037,,2017/11/23 21:34,1598.029445,,2017/11/26 21:04,1590.739025,,2017/11/27 21:04,1666.22569,,2017/11/28 21:04,1589.479369,,2017/11/29 21:04,1678.072232,,2017/11/30 21:04,1707.48584,,2017/12/3 21:04,1596.094824
125,2017/11/22 22:05,1613.745037,,2017/11/23 21:35,1598.077,,2017/11/26 21:05,1590.77809,,2017/11/27 21:05,1666.170207,,2017/11/28 21:05,1589.241893,,2017/11/29 21:05,1678.18883,,2017/11/30 21:05,1707.228056,,2017/12/3 21:05,1595.655202
126,2017/11/22 22:06,1613.747728,,2017/11/23 21:36,1598.077,,2017/11/26 21:06,1591.267819,,2017/11/27 21:06,1666.19113,,2017/11/28 21:06,1589.364539,,2017/11/29 21:06,1678.169729,,2017/11/30 21:06,1707.284053,,2017/12/3 21:06,1595.998021
127,2017/11/22 22:07,1613.944476,,2017/11/23 21:37,1598.072202,,2017/11/26 21:07,1591.222753,,2017/11/27 21:07,1666.19113,,2017/11/28 21:07,1589.500643,,2017/11/29 21:07,1678.03403,,2017/11/30 21:07,1707.284053,,2017/12/3 21:07,1595.998021
128,2017/11/22 22:08,1613.99299,,2017/11/23 21:38,1597.977092,,2017/11/26 21:08,1591.05951,,2017/11/27 21:08,1666.399426,,2017/11/28 21:08,1589.591378,,2017/11/29 21:08,1677.686227,,2017/11/30 21:08,1707.216953,,2017/12/3 21:08,1595.899882
129,2017/11/22 22:09,1614.143916,,2017/11/23 21:39,1597.881981,,2017/11/26 21:09,1591.166665,,2017/11/27 21:09,1666.29481,,2017/11/28 21:09,1589.455275,,2017/11/29 21:09,1677.703336,,2017/11/30 21:09,1707.48584,,2017/12/3 21:09,1595.998021
130,2017/11/22 22:10,1614.440384,,2017/11/23 21:40,1597.981889,,2017/11/26 21:10,1591.048488,,2017/11/27 21:10,1666.170207,,2017/11/28 21:10,1589.546011,,2017/11/29 21:10,1678.150628,,2017/11/30 21:10,1707.18316,,2017/12/3 21:10,1595.801743
131,2017/11/22 22:11,1614.537412,,2017/11/23 21:41,1598.029445,,2017/11/26 21:11,1590.958355,,2017/11/27 21:11,1666.39214,,2017/11/28 21:11,1589.546011,,2017/11/29 21:11,1678.092329,,2017/11/30 21:11,1707.071165,,2017/12/3 21:11,1595.753341
132,2017/11/22 22:12,1614.509119,,2017/11/23 21:42,1597.981889,,2017/11/26 21:12,1590.874224,,2017/11/27 21:12,1666.48947,,2017/11/28 21:12,1589.455275,,2017/11/29 21:12,1677.763627,,2017/11/30 21:12,1707.060063,,2017/12/3 21:12,1595.803078
133,2017/11/22 22:13,1614.286768,,2017/11/23 21:43,1597.929537,,2017/11/26 21:13,1590.592804,,2017/11/27 21:13,1666.433987,,2017/11/28 21:13,1589.364539,,2017/11/29 21:13,1677.549532,,2017/11/30 21:13,1707.362499,,2017/12/3 21:13,1595.852815
134,2017/11/22 22:14,1614.141225,,2017/11/23 21:44,1598.024647,,2017/11/26 21:14,1590.390496,,2017/11/27 21:14,1666.475833,,2017/11/28 21:14,1589.546011,,2017/11/29 21:14,1677.569629,,2017/11/30 21:14,1707.396049,,2017/12/3 21:14,1595.850145
135,2017/11/22 22:15,1614.440384,,2017/11/23 21:45,1597.934334,,2017/11/26 21:15,1590.345429,,2017/11/27 21:15,1666.531316,,2017/11/28 21:15,1589.455275,,2017/11/29 21:15,1677.627928,,2017/11/30 21:15,1707.228056,,2017/12/3 21:15,1595.753341
136,2017/11/22 22:16,1614.537412,,2017/11/23 21:46,1598.229261,,2017/11/26 21:16,1590.49165,,2017/11/27 21:16,1666.531316,,2017/11/28 21:16,1589.65802,,2017/11/29 21:16,1677.780736,,2017/11/30 21:16,1707.205608,,2017/12/3 21:16,1595.852815
137,2017/11/22 22:17,1614.488898,,2017/11/23 21:47,1598.276816,,2017/11/26 21:17,1590.345429,,2017/11/27 21:17,1666.600437,,2017/11/28 21:17,1589.692751,,2017/11/29 21:17,1677.764623,,2017/11/30 21:17,1707.127163,,2017/12/3 21:17,1596.293771
138,2017/11/22 22:18,1614.437693,,2017/11/23 21:48,1598.329169,,2017/11/26 21:18,1590.244275,,2017/11/27 21:18,1666.19748,,2017/11/28 21:18,1589.546011,,2017/11/29 21:18,1677.587734,,2017/11/30 21:18,1707.172058,,2017/12/3 21:18,1596.682322
139,2017/11/22 22:19,1614.440384,,2017/11/23 21:49,1598.671651,,2017/11/26 21:19,1590.154143,,2017/11/27 21:19,1665.975547,,2017/11/28 21:19,1589.591378,,2017/11/29 21:19,1677.82093,,2017/11/30 21:19,1707.11606,,2017/12/3 21:19,1596.682322
140,2017/11/22 22:20,1614.537412,,2017/11/23 21:50,1598.719206,,2017/11/26 21:20,1590.300363,,2017/11/27 21:20,1665.86458,,2017/11/28 21:20,1589.546011,,2017/11/29 21:20,1677.957625,,2017/11/30 21:20,1707.172058,,2017/12/3 21:20,1597.023805
141,2017/11/22 22:21,1614.585927,,2017/11/23 21:51,1599.05689,,2017/11/26 21:21,1590.199209,,2017/11/27 21:21,1666.183844,,2017/11/28 21:21,1589.546011,,2017/11/29 21:21,1677.879229,,2017/11/30 21:21,1707.194506,,2017/12/3 21:21,1596.878599
142,2017/11/22 22:22,1614.491589,,2017/11/23 21:52,1599.114041,,2017/11/26 21:22,1590.255297,,2017/11/27 21:22,1666.239327,,2017/11/28 21:22,1589.602015,,2017/11/29 21:22,1677.899326,,2017/11/30 21:22,1707.250503,,2017/12/3 21:22,1597.026475
143,2017/11/22 22:23,1614.637132,,2017/11/23 21:53,1599.256707,,2017/11/26 21:23,1590.300363,,2017/11/27 21:23,1666.183844,,2017/11/28 21:23,1589.579332,,2017/11/29 21:23,1677.782728,,2017/11/30 21:23,1707.250503,,2017/12/3 21:23,1597.171681
144,2017/11/22 22:24,1614.588618,,2017/11/23 21:54,1599.161596,,2017/11/26 21:24,1590.390496,,2017/11/27 21:24,1666.183844,,2017/11/28 21:24,1589.060421,,2017/11/29 21:24,1677.531427,,2017/11/30 21:24,1707.272951,,2017/12/3 21:24,1597.121944
145,2017/11/22 22:25,1614.639823,,2017/11/23 21:55,1599.161596,,2017/11/26 21:25,1590.356451,,2017/11/27 21:25,1666.183844,,2017/11/28 21:25,1589.179159,,2017/11/29 21:25,1677.897335,,2017/11/30 21:25,1707.384946,,2017/12/3 21:25,1597.072207
146,2017/11/22 22:26,1614.736852,,2017/11/23 21:56,1599.161596,,2017/11/26 21:26,1590.401517,,2017/11/27 21:26,1666.183844,,2017/11/28 21:26,1588.95514,,2017/11/29 21:26,1678.745747,,2017/11/30 21:26,1707.115817,,2017/12/3 21:26,1597.170346
147,2017/11/22 22:27,1614.634441,,2017/11/23 21:57,1599.313857,,2017/11/26 21:27,1590.356451,,2017/11/27 21:27,1666.183844,,2017/11/28 21:27,1588.546829,,2017/11/29 21:27,1679.736831,,2017/11/30 21:27,1707.003822,,2017/12/3 21:27,1597.218748
148,2017/11/22 22:28,1614.414781,,2017/11/23 21:58,1599.551633,,2017/11/26 21:28,1590.356451,,2017/11/27 21:28,1666.12836,,2017/11/28 21:28,1588.630836,,2017/11/29 21:28,1678.884434,,2017/11/30 21:28,1706.656491,,2017/12/3 21:28,1597.072207
149,2017/11/22 22:29,1614.463295,,2017/11/23 21:59,1599.551633,,2017/11/26 21:29,1590.648892,,2017/11/27 21:29,1666.044667,,2017/11/28 21:29,1588.976414,,2017/11/29 21:29,1679.137727,,2017/11/30 21:29,1706.230471,,2017/12/3 21:29,1597.072207
150,2017/11/22 22:30,1614.087328,,2017/11/23 22:00,1599.477902,,2017/11/26 21:30,1590.592804,,2017/11/27 21:30,1666.086514,,2017/11/28 21:30,1589.004416,,2017/11/29 21:30,1678.828127,,2017/11/30 21:30,1705.827142,,2017/12/3 21:30,1597.073542
151,2017/11/22 22:31,1613.89058,,2017/11/23 22:01,1599.456523,,2017/11/26 21:31,1590.592804,,2017/11/27 21:31,1665.920064,,2017/11/28 21:31,1588.959048,,2017/11/29 21:31,1678.536632,,2017/11/30 21:31,1705.827142,,2017/12/3 21:31,1597.073542
152,2017/11/22 22:32,1613.648008,,2017/11/23 22:02,1599.551633,,2017/11/26 21:32,1590.682937,,2017/11/27 21:32,1665.920064,,2017/11/28 21:32,1589.004416,,2017/11/29 21:32,1678.401929,,2017/11/30 21:32,1705.502258,,2017/12/3 21:32,1596.974069
153,2017/11/22 22:33,1613.793551,,2017/11/23 22:03,1599.651542,,2017/11/26 21:33,1590.693958,,2017/11/27 21:33,1666.03103,,2017/11/28 21:33,1588.91368,,2017/11/29 21:33,1678.363727,,2017/11/30 21:33,1705.592049,,2017/12/3 21:33,1597.023805
154,2017/11/22 22:34,1613.745037,,2017/11/23 22:04,1599.84656,,2017/11/26 21:34,1590.739025,,2017/11/27 21:34,1665.975547,,2017/11/28 21:34,1588.91368,,2017/11/29 21:34,1678.150628,,2017/11/30 21:34,1705.704044,,2017/12/3 21:34,1596.974069
155,2017/11/22 22:35,1613.745037,,2017/11/23 22:05,1599.84656,,2017/11/26 21:35,1590.739025,,2017/11/27 21:35,1665.975547,,2017/11/28 21:35,1588.91368,,2017/11/29 21:35,1678.03403,,2017/11/30 21:35,1705.872037,,2017/12/3 21:35,1596.877265
156,2017/11/22 22:36,1613.693831,,2017/11/23 22:06,1599.841763,,2017/11/26 21:36,1590.693958,,2017/11/27 21:36,1665.878217,,2017/11/28 21:36,1588.91368,,2017/11/29 21:36,1678.054126,,2017/11/30 21:36,1705.827142,,2017/12/3 21:36,1596.533112
157,2017/11/22 22:37,1613.699213,,2017/11/23 22:07,1599.794207,,2017/11/26 21:37,1590.840179,,2017/11/27 21:37,1665.920064,,2017/11/28 21:37,1588.87895,,2017/11/29 21:37,1678.015924,,2017/11/30 21:37,1705.90583,,2017/12/3 21:37,1596.241365
158,2017/11/22 22:38,1613.699213,,2017/11/23 22:08,1599.746652,,2017/11/26 21:38,1591.042487,,2017/11/27 21:38,1665.86458,,2017/11/28 21:38,1589.497823,,2017/11/29 21:38,1677.627928,,2017/11/30 21:38,1705.961828,,2017/12/3 21:38,1596.192963
159,2017/11/22 22:39,1613.747728,,2017/11/23 22:09,1599.78941,,2017/11/26 21:39,1591.177686,,2017/11/27 21:39,1665.809097,,2017/11/28 21:39,1590.132973,,2017/11/29 21:39,1677.453031,,2017/11/30 21:39,1706.129821,,2017/12/3 21:39,1596.144561
160,2017/11/22 22:40,1613.648008,,2017/11/23 22:10,1599.504078,,2017/11/26 21:40,1591.267819,,2017/11/27 21:40,1665.809097,,2017/11/28 21:40,1590.188978,,2017/11/29 21:40,1677.067027,,2017/11/30 21:40,1705.838487,,2017/12/3 21:40,1595.973152
161,2017/11/22 22:41,1613.599494,,2017/11/23 22:11,1599.504078,,2017/11/26 21:41,1591.414039,,2017/11/27 21:41,1665.809097,,2017/11/28 21:41,1590.471822,,2017/11/29 21:41,1677.027829,,2017/11/30 21:41,1705.74894,,2017/12/3 21:41,1595.754676
162,2017/11/22 22:42,1613.798933,,2017/11/23 22:12,1599.599189,,2017/11/26 21:42,1591.357952,,2017/11/27 21:42,1665.822734,,2017/11/28 21:42,1590.381086,,2017/11/29 21:42,1677.086128,,2017/11/30 21:42,1705.78249,,2017/12/3 21:42,1595.898547
163,2017/11/22 22:43,1613.895962,,2017/11/23 22:13,1599.699097,,2017/11/26 21:43,1591.222753,,2017/11/27 21:43,1665.711767,,2017/11/28 21:43,1590.335718,,2017/11/29 21:43,1677.027829,,2017/11/30 21:43,1705.950483,,2017/12/3 21:43,1595.801743
164,2017/11/22 22:44,1613.895962,,2017/11/23 22:14,1599.699097,,2017/11/26 21:44,1591.076532,,2017/11/27 21:44,1665.669921,,2017/11/28 21:44,1590.335718,,2017/11/29 21:44,1676.970526,,2017/11/30 21:44,1705.916933,,2017/12/3 21:44,1595.949619
165,2017/11/22 22:45,1614.044196,,2017/11/23 22:15,1599.699097,,2017/11/26 21:45,1591.13262,,2017/11/27 21:45,1665.669921,,2017/11/28 21:45,1590.262348,,2017/11/29 21:45,1676.719225,,2017/11/30 21:45,1705.894485,,2017/12/3 21:45,1596.147231
166,2017/11/22 22:46,1614.069799,,2017/11/23 22:16,1599.603986,,2017/11/26 21:46,1591.177686,,2017/11/27 21:46,1665.669921,,2017/11/28 21:46,1590.279713,,2017/11/29 21:46,1677.195754,,2017/11/30 21:46,1705.872037,,2017/12/3 21:46,1596.683657
167,2017/11/22 22:47,1614.069799,,2017/11/23 22:17,1599.746652,,2017/11/26 21:47,1591.222753,,2017/11/27 21:47,1665.669921,,2017/11/28 21:47,1590.234346,,2017/11/29 21:47,1679.177921,,2017/11/30 21:47,1705.872037,,2017/12/3 21:47,1596.780461
168,2017/11/22 22:48,1614.240944,,2017/11/23 22:18,1599.646744,,2017/11/26 21:48,1591.222753,,2017/11/27 21:48,1665.669921,,2017/11/28 21:48,1589.986232,,2017/11/29 21:48,1679.907744,,2017/11/30 21:48,1706.141166,,2017/12/3 21:48,1596.732059
169,2017/11/22 22:49,1614.19243,,2017/11/23 22:19,1599.646744,,2017/11/26 21:49,1591.27884,,2017/11/27 21:49,1665.669921,,2017/11/28 21:49,1589.986232,,2017/11/29 21:49,1685.802099,,2017/11/30 21:49,1706.118719,,2017/12/3 21:49,1596.729389
170,2017/11/22 22:50,1614.240944,,2017/11/23 22:20,1599.551633,,2017/11/26 21:50,1591.267819,,2017/11/27 21:50,1665.669921,,2017/11/28 21:50,1589.828855,,2017/11/29 21:50,1683.725423,,2017/11/30 21:50,1706.062721,,2017/12/3 21:50,1596.434973
171,2017/11/22 22:51,1614.09271,,2017/11/23 22:21,1599.504078,,2017/11/26 21:51,1591.222753,,2017/11/27 21:51,1665.308811,,2017/11/28 21:51,1589.647383,,2017/11/29 21:51,1683.025835,,2017/11/30 21:51,1706.230714,,2017/12/3 21:51,1596.289767
172,2017/11/22 22:52,1613.895962,,2017/11/23 22:22,1599.34702,,2017/11/26 21:52,1591.222753,,2017/11/27 21:52,1665.266965,,2017/11/28 21:52,1589.65802,,2017/11/29 21:52,1682.929334,,2017/11/30 21:52,1706.073823,,2017/12/3 21:52,1596.143226
173,2017/11/22 22:53,1613.944476,,2017/11/23 22:23,1599.061688,,2017/11/26 21:53,1591.222753,,2017/11/27 21:53,1665.211481,,2017/11/28 21:53,1589.647383,,2017/11/29 21:53,1683.200732,,2017/11/30 21:53,1706.006723,,2017/12/3 21:53,1596.192963
174,2017/11/22 22:54,1613.893271,,2017/11/23 22:24,1599.109243,,2017/11/26 21:54,1591.177686,,2017/11/27 21:54,1665.211481,,2017/11/28 21:54,1589.675386,,2017/11/29 21:54,1683.297233,,2017/11/30 21:54,1706.107616,,2017/12/3 21:54,1596.045088
175,2017/11/22 22:55,1613.944476,,2017/11/23 22:25,1599.204354,,2017/11/26 21:55,1591.222753,,2017/11/27 21:55,1665.266965,,2017/11/28 21:55,1589.720754,,2017/11/29 21:55,1683.180635,,2017/11/30 21:55,1706.219612,,2017/12/3 21:55,1595.899882
176,2017/11/22 22:56,1613.944476,,2017/11/23 22:26,1599.156799,,2017/11/26 21:56,1591.250796,,2017/11/27 21:56,1665.266965,,2017/11/28 21:56,1589.647383,,2017/11/29 21:56,1683.568631,,2017/11/30 21:56,1706.331607,,2017/12/3 21:56,1596.144561
177,2017/11/22 22:57,1614.149298,,2017/11/23 22:27,1599.061688,,2017/11/26 21:57,1591.436082,,2017/11/27 21:57,1665.308811,,2017/11/28 21:57,1589.647383,,2017/11/29 21:57,1682.659927,,2017/11/30 21:57,1706.331607,,2017/12/3 21:57,1596.390575
178,2017/11/22 22:58,1614.488898,,2017/11/23 22:28,1599.061688,,2017/11/26 21:58,1591.616348,,2017/11/27 21:58,1665.266965,,2017/11/28 21:58,1589.546011,,2017/11/29 21:58,1682.579539,,2017/11/30 21:58,1706.174716,,2017/12/3 21:58,1596.538451
179,2017/11/22 22:59,1614.537412,,2017/11/23 22:29,1599.014133,,2017/11/26 21:59,1591.661414,,2017/11/27 21:59,1665.155998,,2017/11/28 21:59,1589.409907,,2017/11/29 21:59,1682.987633,,2017/11/30 21:59,1706.230714,,2017/12/3 21:59,1597.022471
180,2017/11/22 23:00,1614.785366,,2017/11/23 22:30,1598.96178,,2017/11/26 22:00,1591.323907,,2017/11/27 22:00,1665.155998,,2017/11/28 22:00,1589.353902,,2017/11/29 22:00,1682.79463,,2017/11/30 22:00,1706.174716,,2017/12/3 22:00,1596.682322
181,2017/11/22 23:01,1614.836572,,2017/11/23 22:31,1599.161596,,2017/11/26 22:01,1591.323907,,2017/11/27 22:01,1665.155998,,2017/11/28 22:01,1589.151157,,2017/11/29 22:01,1682.698129,,2017/11/30 22:01,1706.141166,,2017/12/3 22:01,1596.728054
182,2017/11/22 23:02,1614.9336,,2017/11/23 22:32,1599.256707,,2017/11/26 22:02,1591.351951,,2017/11/27 22:02,1665.211481,,2017/11/28 22:02,1588.857676,,2017/11/29 22:02,1682.756428,,2017/11/30 22:02,1706.163614,,2017/12/3 22:02,1596.537116
183,2017/11/22 23:03,1614.905307,,2017/11/23 22:33,1599.204354,,2017/11/26 22:03,1591.351951,,2017/11/27 22:03,1665.266965,,2017/11/28 22:03,1588.76694,,2017/11/29 22:03,1682.63983,,2017/11/30 22:03,1706.163614,,2017/12/3 22:03,1596.779126
184,2017/11/22 23:04,1614.734161,,2017/11/23 22:34,1599.052093,,2017/11/26 22:04,1591.526215,,2017/11/27 22:04,1665.287888,,2017/11/28 22:04,1588.777577,,2017/11/29 22:04,1682.678032,,2017/11/30 22:04,1706.141166,,2017/12/3 22:04,1596.729389
185,2017/11/22 23:05,1614.685647,,2017/11/23 22:35,1598.671651,,2017/11/26 22:05,1591.56026,,2017/11/27 22:05,1665.322448,,2017/11/28 22:05,1588.91368,,2017/11/29 22:05,1682.33023,,2017/11/30 22:05,1706.141166,,2017/12/3 22:05,1596.559315
186,2017/11/22 23:06,1614.785366,,2017/11/23 22:36,1598.814317,,2017/11/26 22:06,1591.470127,,2017/11/27 22:06,1665.266965,,2017/11/28 22:06,1589.081695,,2017/11/29 22:06,1682.616746,,2017/11/30 22:06,1706.208509,,2017/12/3 22:06,1596.389241
187,2017/11/22 23:07,1614.682955,,2017/11/23 22:37,1598.467037,,2017/11/26 22:07,1591.515194,,2017/11/27 22:07,1665.266965,,2017/11/28 22:07,1589.263166,,2017/11/29 22:07,1683.199736,,2017/11/30 22:07,1706.488498,,2017/12/3 22:07,1596.389241
188,2017/11/22 23:08,1614.634441,,2017/11/23 22:38,1598.419482,,2017/11/26 22:08,1591.616348,,2017/11/27 22:08,1665.266965,,2017/11/28 22:08,1589.308534,,2017/11/29 22:08,1683.238934,,2017/11/30 22:08,1706.275609,,2017/12/3 22:08,1596.828863
189,2017/11/22 23:09,1614.491589,,2017/11/23 22:39,1598.524188,,2017/11/26 22:09,1591.616348,,2017/11/27 22:09,1665.211481,,2017/11/28 22:09,1589.252529,,2017/11/29 22:09,1683.105227,,2017/11/30 22:09,1706.410295,,2017/12/3 22:09,1596.927001
190,2017/11/22 23:10,1614.685647,,2017/11/23 22:40,1598.571743,,2017/11/26 22:10,1591.526215,,2017/11/27 22:10,1665.287888,,2017/11/28 22:10,1589.252529,,2017/11/29 22:10,1682.814727,,2017/11/30 22:10,1706.466293,,2017/12/3 22:10,1596.900798
191,2017/11/22 23:11,1614.637132,,2017/11/23 22:41,1598.619298,,2017/11/26 22:11,1591.661414,,2017/11/27 22:11,1665.343371,,2017/11/28 22:11,1589.161794,,2017/11/29 22:11,1682.581531,,2017/11/30 22:11,1707.060063,,2017/12/3 22:11,1596.755592
192,2017/11/22 23:12,1614.685647,,2017/11/23 22:42,1598.666853,,2017/11/26 22:12,1591.678437,,2017/11/27 22:12,1665.364294,,2017/11/28 22:12,1589.252529,,2017/11/29 22:12,1682.17543,,2017/11/30 22:12,1707.228299,,2017/12/3 22:12,1596.682322
193,2017/11/22 23:13,1614.734161,,2017/11/23 22:43,1598.724004,,2017/11/26 22:13,1591.616348,,2017/11/27 22:13,1665.308811,,2017/11/28 22:13,1589.500643,,2017/11/29 22:13,1682.271931,,2017/11/30 22:13,1707.362742,,2017/12/3 22:13,1596.487379
194,2017/11/22 23:14,1614.734161,,2017/11/23 22:44,1598.819114,,2017/11/26 22:14,1591.616348,,2017/11/27 22:14,1665.364294,,2017/11/28 22:14,1589.602015,,2017/11/29 22:14,1682.462941,,2017/11/30 22:14,1707.474737,,2017/12/3 22:14,1596.730724
195,2017/11/22 23:15,1614.9336,,2017/11/23 22:45,1598.871467,,2017/11/26 22:15,1591.661414,,2017/11/27 22:15,1665.364294,,2017/11/28 22:15,1589.647383,,2017/11/29 22:15,1682.812736,,2017/11/30 22:15,1707.362742,,2017/12/3 22:15,1596.730724
196,2017/11/22 23:16,1615.335171,,2017/11/23 22:46,1599.556431,,2017/11/26 22:16,1591.63337,,2017/11/27 22:16,1665.155998,,2017/11/28 22:16,1589.692751,,2017/11/29 22:16,1682.776525,,2017/11/30 22:16,1707.306744,,2017/12/3 22:16,1596.535781
197,2017/11/22 23:17,1615.674771,,2017/11/23 22:47,1599.699097,,2017/11/26 22:17,1591.588304,,2017/11/27 22:17,1664.961338,,2017/11/28 22:17,1589.759393,,2017/11/29 22:17,1682.657935,,2017/11/30 22:17,1707.553183,,2017/12/3 22:17,1596.585518
198,2017/11/22 23:18,1616.099253,,2017/11/23 22:48,1599.75145,,2017/11/26 22:18,1591.56026,,2017/11/27 22:18,1664.808525,,2017/11/28 22:18,1590.042237,,2017/11/29 22:18,1682.79463,,2017/11/30 22:18,1707.474737,,2017/12/3 22:18,1596.730724
199,2017/11/22 23:19,1616.364736,,2017/11/23 22:49,1599.75145,,2017/11/26 22:19,1591.56026,,2017/11/27 22:19,1664.753042,,2017/11/28 22:19,1589.996869,,2017/11/29 22:19,1682.79463,,2017/11/30 22:19,1707.41874,,2017/12/3 22:19,1596.730724
200,2017/11/22 23:20,1616.364736,,2017/11/23 22:50,1599.799005,,2017/11/26 22:20,1591.368973,,2017/11/27 22:20,1664.753042,,2017/11/28 22:20,1589.850129,,2017/11/29 22:20,1683.026831,,2017/11/30 22:20,1707.45229,,2017/12/3 22:20,1596.682322
201,2017/11/22 23:21,1616.262325,,2017/11/23 22:51,1600.436414,,2017/11/26 22:21,1591.284841,,2017/11/27 22:21,1664.753042,,2017/11/28 22:21,1589.804761,,2017/11/29 22:21,1682.834824,,2017/11/30 22:21,1707.541837,,2017/12/3 22:21,1596.486045
202,2017/11/22 23:22,1615.868828,,2017/11/23 22:52,1600.336505,,2017/11/26 22:22,1591.194709,,2017/11/27 22:22,1664.808525,,2017/11/28 22:22,1589.968867,,2017/11/29 22:22,1682.63983,,2017/11/30 22:22,1707.306501,,2017/12/3 22:22,1596.486045
203,2017/11/22 23:23,1615.723285,,2017/11/23 22:53,1600.241395,,2017/11/26 22:23,1591.222753,,2017/11/27 22:23,1664.808525,,2017/11/28 22:23,1589.968867,,2017/11/29 22:23,1682.698129,,2017/11/30 22:23,1707.362499,,2017/12/3 22:23,1596.486045
204,2017/11/22 23:24,1615.723285,,2017/11/23 22:54,1599.994024,,2017/11/26 22:24,1591.27884,,2017/11/27 22:24,1664.808525,,2017/11/28 22:24,1590.132973,,2017/11/29 22:24,1682.736331,,2017/11/30 22:24,1707.11606,,2017/12/3 22:24,1596.339504
205,2017/11/22 23:25,1615.67208,,2017/11/23 22:55,1600.189042,,2017/11/26 22:25,1591.340929,,2017/11/27 22:25,1664.808525,,2017/11/28 22:25,1590.0316,,2017/11/29 22:25,1683.00773,,2017/11/30 22:25,1707.003822,,2017/12/3 22:25,1596.096159
206,2017/11/22 23:26,1615.623565,,2017/11/23 22:56,1600.093932,,2017/11/26 22:26,1591.340929,,2017/11/27 22:26,1664.808525,,2017/11/28 22:26,1589.912862,,2017/11/29 22:26,1683.045932,,2017/11/30 22:26,1706.589391,,2017/12/3 22:26,1596.096159
207,2017/11/22 23:27,1615.623565,,2017/11/23 22:57,1599.84656,,2017/11/26 22:27,1591.323907,,2017/11/27 22:27,1664.808525,,2017/11/28 22:27,1589.912862,,2017/11/29 22:27,1682.987633,,2017/11/30 22:27,1706.477395,,2017/12/3 22:27,1596.096159
208,2017/11/22 23:28,1615.731358,,2017/11/23 22:58,1599.894115,,2017/11/26 22:28,1591.323907,,2017/11/27 22:28,1664.753042,,2017/11/28 22:28,1589.77003,,2017/11/29 22:28,1682.581531,,2017/11/30 22:28,1706.533393,,2017/12/3 22:28,1595.998021
209,2017/11/22 23:29,1616.119473,,2017/11/23 22:59,1599.84656,,2017/11/26 22:29,1591.267819,,2017/11/27 22:29,1664.836735,,2017/11/28 22:29,1590.14361,,2017/11/29 22:29,1682.620729,,2017/11/30 22:29,1706.578288,,2017/12/3 22:29,1595.948284
210,2017/11/22 23:30,1615.871519,,2017/11/23 23:00,1599.898913,,2017/11/26 22:30,1591.267819,,2017/11/27 22:30,1665.003185,,2017/11/28 22:30,1590.042237,,2017/11/29 22:30,1682.408626,,2017/11/30 22:30,1706.656491,,2017/12/3 22:30,1595.898547
211,2017/11/22 23:31,1615.820314,,2017/11/23 23:01,1599.889318,,2017/11/26 22:31,1591.267819,,2017/11/27 22:31,1664.947701,,2017/11/28 22:31,1590.042237,,2017/11/29 22:31,1682.17543,,2017/11/30 22:31,1706.376502,,2017/12/3 22:31,1595.898547
212,2017/11/22 23:32,1615.674771,,2017/11/23 23:02,1599.746652,,2017/11/26 22:32,1591.211731,,2017/11/27 22:32,1664.905855,,2017/11/28 22:32,1589.930228,,2017/11/29 22:32,1681.962331,,2017/11/30 22:32,1706.510945,,2017/12/3 22:32,1595.45759
213,2017/11/22 23:33,1615.475331,,2017/11/23 23:03,1599.641946,,2017/11/26 22:33,1591.104576,,2017/11/27 22:33,1664.753042,,2017/11/28 22:33,1589.343265,,2017/11/29 22:33,1682.058832,,2017/11/30 22:33,1706.354055,,2017/12/3 22:33,1595.409188
214,2017/11/22 23:34,1615.380994,,2017/11/23 23:04,1599.546836,,2017/11/26 22:34,1591.149642,,2017/11/27 22:34,1664.794888,,2017/11/28 22:34,1589.039147,,2017/11/29 22:34,1682.271931,,2017/11/30 22:34,1706.286712,,2017/12/3 22:34,1595.288851
215,2017/11/22 23:35,1615.67208,,2017/11/23 23:05,1599.451725,,2017/11/26 22:35,1591.149642,,2017/11/27 22:35,1664.794888,,2017/11/28 22:35,1588.812308,,2017/11/29 22:35,1682.271931,,2017/11/30 22:35,1706.062721,,2017/12/3 22:35,1595.288851
216,2017/11/22 23:36,1615.523846,,2017/11/23 23:06,1599.651542,,2017/11/26 22:36,1591.194709,,2017/11/27 22:36,1665.024108,,2017/11/28 22:36,1589.036327,,2017/11/29 22:36,1682.194531,,2017/11/30 22:36,1706.096271,,2017/12/3 22:36,1595.509997
217,2017/11/22 23:37,1615.324406,,2017/11/23 23:07,1599.799005,,2017/11/26 22:37,1591.233774,,2017/11/27 22:37,1664.905855,,2017/11/28 22:37,1589.39927,,2017/11/29 22:37,1682.310133,,2017/11/30 22:37,1706.017826,,2017/12/3 22:37,1595.6068
218,2017/11/22 23:38,1615.081835,,2017/11/23 23:08,1599.703895,,2017/11/26 22:38,1591.267819,,2017/11/27 22:38,1664.753042,,2017/11/28 22:38,1589.364539,,2017/11/29 22:38,1682.33023,,2017/11/30 22:38,1706.062721,,2017/12/3 22:38,1595.557064
219,2017/11/22 23:39,1615.107437,,2017/11/23 23:09,1599.84656,,2017/11/26 22:39,1591.222753,,2017/11/27 22:39,1664.808525,,2017/11/28 22:39,1589.455275,,2017/11/29 22:39,1682.213632,,2017/11/30 22:39,1706.331607,,2017/12/3 22:39,1595.46026
220,2017/11/22 23:40,1615.079143,,2017/11/23 23:10,1599.641946,,2017/11/26 22:40,1591.222753,,2017/11/27 22:40,1664.808525,,2017/11/28 22:40,1589.500643,,2017/11/29 22:40,1682.271931,,2017/11/30 22:40,1706.331607,,2017/12/3 22:40,1595.558399
221,2017/11/22 23:41,1614.885086,,2017/11/23 23:11,1599.594391,,2017/11/26 22:41,1591.267819,,2017/11/27 22:41,1664.926778,,2017/11/28 22:41,1589.636746,,2017/11/29 22:41,1682.310133,,2017/11/30 22:41,1706.331607,,2017/12/3 22:41,1595.558399
222,2017/11/22 23:42,1615.081835,,2017/11/23 23:12,1599.30906,,2017/11/26 22:42,1591.267819,,2017/11/27 22:42,1664.794888,,2017/11/28 22:42,1589.444638,,2017/11/29 22:42,1682.426731,,2017/11/30 22:42,1706.331607,,2017/12/3 22:42,1595.508662
223,2017/11/22 23:43,1615.130349,,2017/11/23 23:13,1599.551633,,2017/11/26 22:43,1591.267819,,2017/11/27 22:43,1664.794888,,2017/11/28 22:43,1589.39927,,2017/11/29 22:43,1682.426731,,2017/11/30 22:43,1706.331607,,2017/12/3 22:43,1595.411858
224,2017/11/22 23:44,1615.130349,,2017/11/23 23:14,1599.504078,,2017/11/26 22:44,1591.267819,,2017/11/27 22:44,1664.794888,,2017/11/28 22:44,1589.647383,,2017/11/29 22:44,1682.271931,,2017/11/30 22:44,1706.298057,,2017/12/3 22:44,1595.313719
225,2017/11/22 23:45,1615.079143,,2017/11/23 23:15,1599.75145,,2017/11/26 22:45,1591.267819,,2017/11/27 22:45,1664.850371,,2017/11/28 22:45,1589.39927,,2017/11/29 22:45,1682.756428,,2017/11/30 22:45,1706.320505,,2017/12/3 22:45,1595.313719
226,2017/11/22 23:46,1614.585927,,2017/11/23 23:16,1599.84656,,2017/11/26 22:46,1591.323907,,2017/11/27 22:46,1664.794888,,2017/11/28 22:46,1589.427272,,2017/11/29 22:46,1682.659927,,2017/11/30 22:46,1706.387605,,2017/12/3 22:46,1595.313719
227,2017/11/22 23:47,1614.488898,,2017/11/23 23:17,1599.799005,,2017/11/26 22:47,1591.323907,,2017/11/27 22:47,1664.850371,,2017/11/28 22:47,1589.47264,,2017/11/29 22:47,1682.543329,,2017/11/30 22:47,1706.331607,,2017/12/3 22:47,1595.265317
228,2017/11/22 23:48,1614.685647,,2017/11/23 23:18,1599.746652,,2017/11/26 22:48,1591.267819,,2017/11/27 22:48,1664.836735,,2017/11/28 22:48,1589.500643,,2017/11/29 22:48,1682.48503,,2017/11/30 22:48,1706.410052,,2017/12/3 22:48,1595.118776
229,2017/11/22 23:49,1614.588618,,2017/11/23 23:19,1599.699097,,2017/11/26 22:49,1591.267819,,2017/11/27 22:49,1664.794888,,2017/11/28 22:49,1589.906134,,2017/11/29 22:49,1682.350327,,2017/11/30 22:49,1706.488498,,2017/12/3 22:49,1595.070375
230,2017/11/22 23:50,1614.588618,,2017/11/23 23:20,1599.699097,,2017/11/26 22:50,1591.267819,,2017/11/27 22:50,1664.836735,,2017/11/28 22:50,1589.88486,,2017/11/29 22:50,1682.058832,,2017/11/30 22:50,1706.488498,,2017/12/3 22:50,1594.875432
231,2017/11/22 23:51,1614.534721,,2017/11/23 23:21,1599.556431,,2017/11/26 22:51,1591.267819,,2017/11/27 22:51,1664.836735,,2017/11/28 22:51,1589.930228,,2017/11/29 22:51,1682.292028,,2017/11/30 22:51,1706.600493,,2017/12/3 22:51,1594.778628
232,2017/11/22 23:52,1614.286768,,2017/11/23 23:22,1599.504078,,2017/11/26 22:52,1591.121598,,2017/11/27 22:52,1664.836735,,2017/11/28 22:52,1589.783487,,2017/11/29 22:52,1682.137228,,2017/11/30 22:52,1706.578045,,2017/12/3 22:52,1595.117442
233,2017/11/22 23:53,1614.189739,,2017/11/23 23:23,1599.504078,,2017/11/26 22:53,1591.121598,,2017/11/27 22:53,1664.947701,,2017/11/28 22:53,1589.546011,,2017/11/29 22:53,1682.348335,,2017/11/30 22:53,1706.443602,,2017/12/3 22:53,1594.970901
234,2017/11/22 23:54,1614.090019,,2017/11/23 23:24,1599.451725,,2017/11/26 22:54,1591.065511,,2017/11/27 22:54,1664.947701,,2017/11/28 22:54,1589.455275,,2017/11/29 22:54,1683.200732,,2017/11/30 22:54,1706.331607,,2017/12/3 22:54,1594.874097
235,2017/11/22 23:55,1614.041505,,2017/11/23 23:25,1599.304262,,2017/11/26 22:55,1590.975378,,2017/11/27 22:55,1664.947701,,2017/11/28 22:55,1589.409907,,2017/11/29 22:55,1683.200732,,2017/11/30 22:55,1706.331607,,2017/12/3 22:55,1594.825695
236,2017/11/22 23:56,1613.847447,,2017/11/23 23:26,1599.304262,,2017/11/26 22:56,1591.031466,,2017/11/27 22:56,1665.003185,,2017/11/28 22:56,1589.381905,,2017/11/29 22:56,1683.259031,,2017/11/30 22:56,1706.331607,,2017/12/3 22:56,1595.167178
237,2017/11/22 23:57,1613.494392,,2017/11/23 23:27,1599.304262,,2017/11/26 22:57,1591.031466,,2017/11/27 22:57,1664.905855,,2017/11/28 22:57,1589.381905,,2017/11/29 22:57,1683.412835,,2017/11/30 22:57,1706.39895,,2017/12/3 22:57,1595.167178
238,2017/11/22 23:58,1613.254511,,2017/11/23 23:28,1599.204354,,2017/11/26 22:58,1590.930312,,2017/11/27 22:58,1665.003185,,2017/11/28 22:58,1589.465912,,2017/11/29 22:58,1683.492227,,2017/11/30 22:58,1706.488498,,2017/12/3 22:58,1595.167178
239,2017/11/22 23:59,1613.35154,,2017/11/23 23:29,1599.109243,,2017/11/26 22:59,1590.975378,,2017/11/27 22:59,1664.947701,,2017/11/28 22:59,1589.556648,,2017/11/29 22:59,1683.31733,,2017/11/30 22:59,1706.488498,,2017/12/3 22:59,1595.21558
240,2017/11/23 0:00,1613.402745,,2017/11/23 23:30,1599.104446,,2017/11/26 23:00,1590.784091,,2017/11/27 23:00,1665.003185,,2017/11/28 23:00,1589.455275,,2017/11/29 23:00,1683.297233,,2017/11/30 23:00,1706.578045,,2017/12/3 23:00,1595.21558
241,2017/11/23 0:01,1613.400054,,2017/11/23 23:31,1599.109243,,2017/11/26 23:01,1590.739025,,2017/11/27 23:01,1664.892218,,2017/11/28 23:01,1589.409907,,2017/11/29 23:01,1683.606833,,2017/11/30 23:01,1706.409809,,2017/12/3 23:01,1595.21558
242,2017/11/23 0:02,1613.400054,,2017/11/23 23:32,1599.109243,,2017/11/26 23:02,1590.682937,,2017/11/27 23:02,1664.892218,,2017/11/28 23:02,1589.465912,,2017/11/29 23:02,1683.645035,,2017/11/30 23:02,1706.488498,,2017/12/3 23:02,1595.265317
243,2017/11/23 0:03,1613.400054,,2017/11/23 23:33,1599.05689,,2017/11/26 23:03,1590.682937,,2017/11/27 23:03,1664.892218,,2017/11/28 23:03,1589.647383,,2017/11/29 23:03,1683.645035,,2017/11/30 23:03,1706.544495,,2017/12/3 23:03,1595.265317
244,2017/11/23 0:04,1613.448568,,2017/11/23 23:34,1599.156799,,2017/11/26 23:04,1590.592804,,2017/11/27 23:04,1664.892218,,2017/11/28 23:04,1589.675386,,2017/11/29 23:04,1683.665132,,2017/11/30 23:04,1706.488498,,2017/12/3 23:04,1595.436726
245,2017/11/23 0:05,1613.303025,,2017/11/23 23:35,1599.251909,,2017/11/26 23:05,1590.63787,,2017/11/27 23:05,1664.892218,,2017/11/28 23:05,1589.703388,,2017/11/29 23:05,1683.586736,,2017/11/30 23:05,1706.185819,,2017/12/3 23:05,1595.362121
246,2017/11/23 0:06,1612.068638,,2017/11/23 23:36,1599.204354,,2017/11/26 23:06,1590.795113,,2017/11/27 23:06,1664.892218,,2017/11/28 23:06,1589.692751,,2017/11/29 23:06,1683.492227,,2017/11/30 23:06,1706.073823,,2017/12/3 23:06,1595.364791
247,2017/11/23 0:07,1612.114462,,2017/11/23 23:37,1599.251909,,2017/11/26 23:07,1590.885245,,2017/11/27 23:07,1665.003185,,2017/11/28 23:07,1589.647383,,2017/11/29 23:07,1683.200732,,2017/11/30 23:07,1706.017826,,2017/12/3 23:07,1595.461595
248,2017/11/23 0:08,1612.162976,,2017/11/23 23:38,1599.251909,,2017/11/26 23:08,1591.121598,,2017/11/27 23:08,1665.003185,,2017/11/28 23:08,1589.794124,,2017/11/29 23:08,1682.967536,,2017/11/30 23:08,1706.073823,,2017/12/3 23:08,1595.315054
249,2017/11/23 0:09,1612.214181,,2017/11/23 23:39,1599.356615,,2017/11/26 23:09,1591.166665,,2017/11/27 23:09,1665.100514,,2017/11/28 23:09,1589.794124,,2017/11/29 23:09,1682.987633,,2017/11/30 23:09,1706.028928,,2017/12/3 23:09,1595.266652
250,2017/11/23 0:10,1612.165667,,2017/11/23 23:40,1599.251909,,2017/11/26 23:10,1591.121598,,2017/11/27 23:10,1665.100514,,2017/11/28 23:10,1589.65802,,2017/11/29 23:10,1683.084134,,2017/11/30 23:10,1705.894485,,2017/12/3 23:10,1595.364791
251,2017/11/23 0:11,1612.262696,,2017/11/23 23:41,1599.204354,,2017/11/26 23:11,1591.121598,,2017/11/27 23:11,1665.100514,,2017/11/28 23:11,1589.703388,,2017/11/29 23:11,1683.084134,,2017/11/30 23:11,1705.894485,,2017/12/3 23:11,1595.558399
252,2017/11/23 0:12,1611.667068,,2017/11/23 23:42,1599.304262,,2017/11/26 23:12,1591.149642,,2017/11/27 23:12,1665.058668,,2017/11/28 23:12,1589.647383,,2017/11/29 23:12,1682.949431,,2017/11/30 23:12,1705.872037,,2017/12/3 23:12,1595.899882
253,2017/11/23 0:13,1611.421805,,2017/11/23 23:43,1598.956982,,2017/11/26 23:13,1591.177686,,2017/11/27 23:13,1664.974975,,2017/11/28 23:13,1589.748756,,2017/11/29 23:13,1682.871035,,2017/11/30 23:13,1705.490913,,2017/12/3 23:13,1595.804413
254,2017/11/23 0:14,1611.324777,,2017/11/23 23:44,1598.909427,,2017/11/26 23:14,1591.267819,,2017/11/27 23:14,1664.871295,,2017/11/28 23:14,1589.647383,,2017/11/29 23:14,1682.756428,,2017/11/30 23:14,1705.244475,,2017/12/3 23:14,1595.948284
255,2017/11/23 0:15,1611.575422,,2017/11/23 23:45,1598.96178,,2017/11/26 23:15,1591.267819,,2017/11/27 23:15,1665.037745,,2017/11/28 23:15,1589.647383,,2017/11/29 23:15,1682.581531,,2017/11/30 23:15,1705.244475,,2017/12/3 23:15,1595.899882
256,2017/11/23 0:16,1612.020124,,2017/11/23 23:46,1599.061688,,2017/11/26 23:16,1591.27884,,2017/11/27 23:16,1664.961338,,2017/11/28 23:16,1589.500643,,2017/11/29 23:16,1682.737327,,2017/11/30 23:16,1705.121134,,2017/12/3 23:16,1595.652533
257,2017/11/23 0:17,1612.165667,,2017/11/23 23:47,1599.109243,,2017/11/26 23:17,1591.323907,,2017/11/27 23:17,1664.766679,,2017/11/28 23:17,1589.409907,,2017/11/29 23:17,1682.058832,,2017/11/30 23:17,1705.109789,,2017/12/3 23:17,1595.558399
258,2017/11/23 0:18,1612.313901,,2017/11/23 23:48,1599.156799,,2017/11/26 23:18,1591.323907,,2017/11/27 23:18,1664.753042,,2017/11/28 23:18,1589.28726,,2017/11/29 23:18,1682.058832,,2017/11/30 23:18,1704.695357,,2017/12/3 23:18,1595.6068
259,2017/11/23 0:19,1612.313901,,2017/11/23 23:49,1599.304262,,2017/11/26 23:19,1591.323907,,2017/11/27 23:19,1664.808525,,2017/11/28 23:19,1589.060421,,2017/11/29 23:19,1682.058832,,2017/11/30 23:19,1704.527364,,2017/12/3 23:19,1595.6068
260,2017/11/23 0:20,1612.313901,,2017/11/23 23:50,1599.351817,,2017/11/26 23:20,1591.267819,,2017/11/27 23:20,1664.01625,,2017/11/28 23:20,1589.105789,,2017/11/29 23:20,1682.155333,,2017/11/30 23:20,1704.717805,,2017/12/3 23:20,1595.703604
261,2017/11/23 0:21,1611.866508,,2017/11/23 23:51,1599.251909,,2017/11/26 23:21,1591.323907,,2017/11/27 23:21,1663.606943,,2017/11/28 23:21,1588.91368,,2017/11/29 23:21,1682.155333,,2017/11/30 23:21,1704.740253,,2017/12/3 23:21,1595.753341
262,2017/11/23 0:22,1611.877272,,2017/11/23 23:52,1599.40417,,2017/11/26 23:22,1591.368973,,2017/11/27 23:22,1663.780679,,2017/11/28 23:22,1588.721572,,2017/11/29 23:22,1682.155333,,2017/11/30 23:22,1704.717805,,2017/12/3 23:22,1595.801743
263,2017/11/23 0:23,1612.216872,,2017/11/23 23:53,1599.451725,,2017/11/26 23:23,1591.323907,,2017/11/27 23:23,1663.836163,,2017/11/28 23:23,1588.76694,,2017/11/29 23:23,1682.33023,,2017/11/30 23:23,1704.717805,,2017/12/3 23:23,1595.753341
264,2017/11/23 0:24,1612.165667,,2017/11/23 23:54,1599.251909,,2017/11/26 23:24,1591.323907,,2017/11/27 23:24,1663.377723,,2017/11/28 23:24,1588.91368,,2017/11/29 23:24,1682.368432,,2017/11/30 23:24,1704.661807,,2017/12/3 23:24,1595.753341
265,2017/11/23 0:25,1611.966228,,2017/11/23 23:55,1599.256707,,2017/11/26 23:25,1591.425061,,2017/11/27 23:25,1663.412283,,2017/11/28 23:25,1589.032419,,2017/11/29 23:25,1682.581531,,2017/11/30 23:25,1704.661807,,2017/12/3 23:25,1595.85148
266,2017/11/23 0:26,1611.869199,,2017/11/23 23:56,1599.256707,,2017/11/26 23:26,1591.661414,,2017/11/27 23:26,1663.15579,,2017/11/28 23:26,1589.088423,,2017/11/29 23:26,1682.543329,,2017/11/30 23:26,1704.616912,,2017/12/3 23:26,1595.902551
267,2017/11/23 0:27,1611.473011,,2017/11/23 23:57,1599.356615,,2017/11/26 23:27,1591.661414,,2017/11/27 23:27,1663.32224,,2017/11/28 23:27,1589.133791,,2017/11/29 23:27,1682.426731,,2017/11/30 23:27,1704.504917,,2017/12/3 23:27,1596.096159
268,2017/11/23 0:28,1611.968919,,2017/11/23 23:58,1599.251909,,2017/11/26 23:28,1591.717502,,2017/11/27 23:28,1663.475053,,2017/11/28 23:28,1588.941683,,2017/11/29 23:28,1682.213632,,2017/11/30 23:28,1704.392921,,2017/12/3 23:28,1596.071291
269,2017/11/23 0:29,1612.065947,,2017/11/23 23:59,1599.204354,,2017/11/26 23:29,1591.717502,,2017/11/27 23:29,1663.433206,,2017/11/28 23:29,1588.812308,,2017/11/29 23:29,1682.09803,,2017/11/30 23:29,1704.628257,,2017/12/3 23:29,1596.096159
270,2017/11/23 0:30,1612.260005,,2017/11/24 0:00,1599.456523,,2017/11/26 23:30,1591.807635,,2017/11/27 23:30,1663.377723,,2017/11/28 23:30,1588.76694,,2017/11/29 23:30,1682.000533,,2017/11/30 23:30,1704.706703,,2017/12/3 23:30,1596.194298
271,2017/11/23 0:31,1611.968919,,2017/11/24 0:01,1599.746652,,2017/11/26 23:31,1591.717502,,2017/11/27 23:31,1663.377723,,2017/11/28 23:31,1588.812308,,2017/11/29 23:31,1682.058832,,2017/11/30 23:31,1704.874696,,2017/12/3 23:31,1596.387906
272,2017/11/23 0:32,1612.114462,,2017/11/24 0:02,1599.699097,,2017/11/26 23:32,1591.661414,,2017/11/27 23:32,1663.377723,,2017/11/28 23:32,1588.812308,,2017/11/29 23:32,1681.55623,,2017/11/30 23:32,1704.67291,,2017/12/3 23:32,1596.387906
273,2017/11/23 0:33,1611.769479,,2017/11/24 0:03,1599.699097,,2017/11/26 23:33,1591.661414,,2017/11/27 23:33,1663.349514,,2017/11/28 23:33,1588.784305,,2017/11/29 23:33,1681.594432,,2017/11/30 23:33,1704.616912,,2017/12/3 23:33,1596.389241
274,2017/11/23 0:34,1611.774861,,2017/11/24 0:04,1599.699097,,2017/11/26 23:34,1591.717502,,2017/11/27 23:34,1662.801031,,2017/11/28 23:34,1588.721572,,2017/11/29 23:34,1681.670836,,2017/11/30 23:34,1704.661807,,2017/12/3 23:34,1596.340839
275,2017/11/23 0:35,1612.017433,,2017/11/24 0:05,1599.746652,,2017/11/26 23:35,1591.807635,,2017/11/27 23:35,1662.690064,,2017/11/28 23:35,1588.812308,,2017/11/29 23:35,1681.787434,,2017/11/30 23:35,1704.661807,,2017/12/3 23:35,1596.389241
276,2017/11/23 0:36,1611.994521,,2017/11/24 0:06,1599.75145,,2017/11/26 23:36,1591.717502,,2017/11/27 23:36,1662.439921,,2017/11/28 23:36,1588.91368,,2017/11/29 23:36,1682.000533,,2017/11/30 23:36,1704.7627,,2017/12/3 23:36,1596.339504
277,2017/11/23 0:37,1611.940625,,2017/11/24 0:07,1599.84656,,2017/11/26 23:37,1591.661414,,2017/11/27 23:37,1662.349877,,2017/11/28 23:37,1588.417454,,2017/11/29 23:37,1682.001529,,2017/11/30 23:37,1704.695357,,2017/12/3 23:37,1596.339504
278,2017/11/23 0:38,1611.89211,,2017/11/24 0:08,1599.84656,,2017/11/26 23:38,1591.515194,,2017/11/27 23:38,1662.363514,,2017/11/28 23:38,1588.169341,,2017/11/29 23:38,1681.807531,,2017/11/30 23:38,1704.67291,,2017/12/3 23:38,1596.438977
279,2017/11/23 0:39,1611.823376,,2017/11/24 0:09,1599.794207,,2017/11/26 23:39,1591.56026,,2017/11/27 23:39,1662.308031,,2017/11/28 23:39,1588.033237,,2017/11/29 23:39,1681.924129,,2017/11/30 23:39,1704.504917,,2017/12/3 23:39,1596.632585
280,2017/11/23 0:40,1611.943316,,2017/11/24 0:10,1599.746652,,2017/11/26 23:40,1591.661414,,2017/11/27 23:40,1662.002405,,2017/11/28 23:40,1587.987869,,2017/11/29 23:40,1681.942234,,2017/11/30 23:40,1704.717805,,2017/12/3 23:40,1596.486045
281,2017/11/23 0:41,1611.99183,,2017/11/24 0:11,1599.746652,,2017/11/26 23:41,1591.549238,,2017/11/27 23:41,1662.141581,,2017/11/28 23:41,1588.162612,,2017/11/29 23:41,1682.17543,,2017/11/30 23:41,1704.60581,,2017/12/3 23:41,1596.486045
282,2017/11/23 0:42,1612.068638,,2017/11/24 0:12,1599.699097,,2017/11/26 23:42,1591.267819,,2017/11/27 23:42,1662.273471,,2017/11/28 23:42,1588.225345,,2017/11/29 23:42,1682.388529,,2017/11/30 23:42,1704.661807,,2017/12/3 23:42,1596.584183
283,2017/11/23 0:43,1612.114462,,2017/11/24 0:13,1599.799005,,2017/11/26 23:43,1591.177686,,2017/11/27 23:43,1662.384437,,2017/11/28 23:43,1588.13461,,2017/11/29 23:43,1682.271931,,2017/11/30 23:43,1704.717805,,2017/12/3 23:43,1596.632585
284,2017/11/23 0:44,1611.968919,,2017/11/24 0:14,1599.75145,,2017/11/26 23:44,1591.222753,,2017/11/27 23:44,1662.287108,,2017/11/28 23:44,1588.123973,,2017/11/29 23:44,1682.542333,,2017/11/30 23:44,1704.717805,,2017/12/3 23:44,1596.730724
285,2017/11/23 0:45,1612.316592,,2017/11/24 0:15,1600.093932,,2017/11/26 23:45,1591.087554,,2017/11/27 23:45,1662.252548,,2017/11/28 23:45,1587.785124,,2017/11/29 23:45,1682.464933,,2017/11/30 23:45,1704.7627,,2017/12/3 23:45,1596.680987
286,2017/11/23 0:46,1612.464826,,2017/11/24 0:16,1600.331708,,2017/11/26 23:46,1591.13262,,2017/11/27 23:46,1662.252548,,2017/11/28 23:46,1587.841129,,2017/11/29 23:46,1682.464933,,2017/11/30 23:46,1704.830043,,2017/12/3 23:46,1596.682322
287,2017/11/23 0:47,1612.561855,,2017/11/24 0:17,1600.141487,,2017/11/26 23:47,1591.13262,,2017/11/27 23:47,1662.252548,,2017/11/28 23:47,1587.841129,,2017/11/29 23:47,1682.464933,,2017/11/30 23:47,1704.942039,,2017/12/3 23:47,1596.730724
288,2017/11/23 0:48,1612.559164,,2017/11/24 0:18,1600.189042,,2017/11/26 23:48,1590.739025,,2017/11/27 23:48,1661.863228,,2017/11/28 23:48,1588.033237,,2017/11/29 23:48,1682.87203,,2017/11/30 23:48,1705.132479,,2017/12/3 23:48,1596.438977
289,2017/11/23 0:49,1612.51065,,2017/11/24 0:19,1600.220016,,2017/11/26 23:49,1590.885245,,2017/11/27 23:49,1661.196492,,2017/11/28 23:49,1587.886496,,2017/11/29 23:49,1682.774533,,2017/11/30 23:49,1705.177375,,2017/12/3 23:49,1596.732059
290,2017/11/23 0:50,1612.51065,,2017/11/24 0:20,1600.220016,,2017/11/26 23:50,1590.874224,,2017/11/27 23:50,1660.807173,,2017/11/28 23:50,1587.942501,,2017/11/29 23:50,1682.736331,,2017/11/30 23:50,1705.32292,,2017/12/3 23:50,1596.680987
291,2017/11/23 0:51,1612.758603,,2017/11/24 0:21,1600.388858,,2017/11/26 23:51,1590.739025,,2017/11/27 23:51,1660.363306,,2017/11/28 23:51,1588.078605,,2017/11/29 23:51,1682.736331,,2017/11/30 23:51,1705.32292,,2017/12/3 23:51,1596.535781
292,2017/11/23 0:52,1612.707398,,2017/11/24 0:22,1600.388858,,2017/11/26 23:52,1590.592804,,2017/11/27 23:52,1660.363306,,2017/11/28 23:52,1588.123973,,2017/11/29 23:52,1682.79463,,2017/11/30 23:52,1705.132479,,2017/12/3 23:52,1596.436308
293,2017/11/23 0:53,1612.561855,,2017/11/24 0:23,1600.436414,,2017/11/26 23:53,1590.609827,,2017/11/27 23:53,1660.22413,,2017/11/28 23:53,1587.841129,,2017/11/29 23:53,1682.736331,,2017/11/30 23:53,1705.143825,,2017/12/3 23:53,1596.09349
294,2017/11/23 0:54,1612.556473,,2017/11/24 0:24,1600.141487,,2017/11/26 23:54,1590.480628,,2017/11/27 23:54,1660.1268,,2017/11/28 23:54,1587.931864,,2017/11/29 23:54,1682.832832,,2017/11/30 23:54,1705.323163,,2017/12/3 23:54,1595.877683
295,2017/11/23 0:55,1612.313901,,2017/11/24 0:25,1599.889318,,2017/11/26 23:55,1590.345429,,2017/11/27 23:55,1660.015833,,2017/11/28 23:55,1587.931864,,2017/11/29 23:55,1683.066029,,2017/11/30 23:55,1705.491156,,2017/12/3 23:55,1596.022889
296,2017/11/23 0:56,1612.41093,,2017/11/24 0:26,1599.651542,,2017/11/26 23:56,1590.373473,,2017/11/27 23:56,1660.071317,,2017/11/28 23:56,1587.886496,,2017/11/29 23:56,1683.200732,,2017/11/30 23:56,1705.569601,,2017/12/3 23:56,1596.046423
297,2017/11/23 0:57,1612.114462,,2017/11/24 0:27,1599.898913,,2017/11/26 23:57,1590.401517,,2017/11/27 23:57,1660.05768,,2017/11/28 23:57,1587.886496,,2017/11/29 23:57,1683.144425,,2017/11/30 23:57,1705.592049,,2017/12/3 23:57,1595.998021
298,2017/11/23 0:58,1611.994521,,2017/11/24 0:28,1599.946468,,2017/11/26 23:58,1590.401517,,2017/11/27 23:58,1659.93214,,2017/11/28 23:58,1587.841129,,2017/11/29 23:58,1682.929334,,2017/11/30 23:58,1705.546668,,2017/12/3 23:58,1596.096159
299,2017/11/23 0:59,1612.043036,,2017/11/24 0:29,1599.994024,,2017/11/26 23:59,1590.446584,,2017/11/27 23:59,1659.76569,,2017/11/28 23:59,1587.841129,,2017/11/29 23:59,1683.045932,,2017/11/30 23:59,1705.266679,,2017/12/3 23:59,1596.192963
300,2017/11/23 1:00,1612.142755,,2017/11/24 0:30,1599.946468,,2017/11/27 0:00,1590.592804,,2017/11/28 0:00,1660.113163,,2017/11/29 0:00,1587.785124,,2017/11/30 0:00,1682.832832,,2017/12/1 0:00,1704.885798,,2017/12/4 0:00,1596.192963
301,2017/11/23 1:01,1612.114462,,2017/11/24 0:31,1599.546836,,2017/11/27 0:01,1590.446584,,2017/11/28 0:01,1659.849383,,2017/11/29 0:01,1587.851765,,2017/11/30 0:01,1683.200732,,2017/12/1 0:01,1704.549812,,2017/12/4 0:01,1596.411439
302,2017/11/23 1:02,1612.017433,,2017/11/24 0:32,1599.40417,,2017/11/27 0:02,1590.502672,,2017/11/28 0:02,1660.141373,,2017/11/29 0:02,1587.942501,,2017/11/30 0:02,1683.066029,,2017/12/1 0:02,1704.717805,,2017/12/4 0:02,1596.141892
303,2017/11/23 1:03,1611.769479,,2017/11/24 0:33,1599.40417,,2017/11/27 0:03,1590.592804,,2017/11/28 0:03,1660.418789,,2017/11/29 0:03,1588.078605,,2017/11/30 0:03,1682.949431,,2017/12/1 0:03,1704.717805,,2017/12/4 0:03,1595.899882
304,2017/11/23 1:04,1611.572731,,2017/11/24 0:34,1599.456523,,2017/11/27 0:04,1590.446584,,2017/11/28 0:04,1660.168647,,2017/11/29 0:04,1588.123973,,2017/11/30 0:04,1682.891132,,2017/12/1 0:04,1704.63936,,2017/12/4 0:04,1595.704939
305,2017/11/23 1:05,1611.524216,,2017/11/24 0:35,1599.504078,,2017/11/27 0:05,1590.41854,,2017/11/28 0:05,1660.09224,,2017/11/29 0:05,1587.987869,,2017/11/30 0:05,1682.79463,,2017/12/1 0:05,1704.504917,,2017/12/4 0:05,1595.655202
306,2017/11/23 1:06,1611.281645,,2017/11/24 0:36,1599.603986,,2017/11/27 0:06,1590.446584,,2017/11/28 0:06,1660.19592,,2017/11/29 0:06,1588.005235,,2017/11/30 0:06,1682.909237,,2017/12/1 0:06,1704.269338,,2017/12/4 0:06,1595.852815
307,2017/11/23 1:07,1611.703435,,2017/11/24 0:37,1600.379263,,2017/11/27 0:07,1590.49165,,2017/11/28 0:07,1659.973987,,2017/11/29 0:07,1587.959867,,2017/11/30 0:07,1683.142433,,2017/12/1 0:07,1703.821356,,2017/12/4 0:07,1595.949619
308,2017/11/23 1:08,1612.140064,,2017/11/24 0:38,1600.046376,,2017/11/27 0:08,1590.56476,,2017/11/28 0:08,1659.973987,,2017/11/29 0:08,1587.785124,,2017/11/30 0:08,1683.200732,,2017/12/1 0:08,1703.877354,,2017/12/4 0:08,1595.899882
309,2017/11/23 1:09,1611.869199,,2017/11/24 0:39,1600.067755,,2017/11/27 0:09,1590.592804,,2017/11/28 0:09,1659.807537,,2017/11/29 0:09,1587.813126,,2017/11/30 0:09,1683.355532,,2017/12/1 0:09,1703.922249,,2017/12/4 0:09,1595.656537
310,2017/11/23 1:10,1611.820685,,2017/11/24 0:40,1600.041579,,2017/11/27 0:10,1590.401517,,2017/11/28 0:10,1659.883943,,2017/11/29 0:10,1587.841129,,2017/11/30 0:10,1683.200732,,2017/12/1 0:10,1704.034245,,2017/12/4 0:10,1595.6068
311,2017/11/23 1:11,1611.723656,,2017/11/24 0:41,1599.946468,,2017/11/27 0:11,1590.401517,,2017/11/28 0:11,1659.99491,,2017/11/29 0:11,1587.841129,,2017/11/30 0:11,1683.142433,,2017/12/1 0:11,1704.034245,,2017/12/4 0:11,1595.461595
312,2017/11/23 1:12,1611.67245,,2017/11/24 0:42,1600.093932,,2017/11/27 0:12,1590.49165,,2017/11/28 0:12,1660.432426,,2017/11/29 0:12,1587.638383,,2017/11/30 0:12,1683.200732,,2017/12/1 0:12,1704.11269,,2017/12/4 0:12,1596.241365
313,2017/11/23 1:13,1611.769479,,2017/11/24 0:43,1600.241395,,2017/11/27 0:13,1590.379474,,2017/11/28 0:13,1660.474273,,2017/11/29 0:13,1587.959867,,2017/11/30 0:13,1683.200732,,2017/12/1 0:13,1703.866252,,2017/12/4 0:13,1596.291102
314,2017/11/23 1:14,1611.769479,,2017/11/24 0:44,1600.28895,,2017/11/27 0:14,1590.227253,,2017/11/28 0:14,1660.516119,,2017/11/29 0:14,1587.931864,,2017/11/30 0:14,1683.124328,,2017/12/1 0:14,1703.877354,,2017/12/4 0:14,1596.339504
315,2017/11/23 1:15,1611.77217,,2017/11/24 0:45,1600.093932,,2017/11/27 0:15,1590.272319,,2017/11/28 0:15,1660.627086,,2017/11/29 0:15,1587.841129,,2017/11/30 0:15,1682.891132,,2017/12/1 0:15,1703.765359,,2017/12/4 0:15,1596.2427
316,2017/11/23 1:16,1611.820685,,2017/11/24 0:46,1600.141487,,2017/11/27 0:16,1590.255297,,2017/11/28 0:16,1660.376943,,2017/11/29 0:16,1587.638383,,2017/11/30 0:16,1682.832832,,2017/12/1 0:16,1703.810254,,2017/12/4 0:16,1596.2427
317,2017/11/23 1:17,1611.917713,,2017/11/24 0:47,1600.189042,,2017/11/27 0:17,1590.255297,,2017/11/28 0:17,1660.307823,,2017/11/29 0:17,1587.288897,,2017/11/30 0:17,1682.909237,,2017/12/1 0:17,1704.124035,,2017/12/4 0:17,1596.339504
318,2017/11/23 1:18,1611.692671,,2017/11/24 0:48,1600.346101,,2017/11/27 0:18,1590.199209,,2017/11/28 0:18,1660.571603,,2017/11/29 0:18,1587.051421,,2017/11/30 0:18,1682.929334,,2017/12/1 0:18,1704.180033,,2017/12/4 0:18,1596.244035
319,2017/11/23 1:19,1611.276262,,2017/11/24 0:49,1600.783693,,2017/11/27 0:19,1590.199209,,2017/11/28 0:19,1660.571603,,2017/11/29 0:19,1586.960685,,2017/11/30 0:19,1682.987633,,2017/12/1 0:19,1704.348026,,2017/12/4 0:19,1596.340839
320,2017/11/23 1:20,1611.179234,,2017/11/24 0:50,1600.831248,,2017/11/27 0:20,1590.255297,,2017/11/28 0:20,1660.613449,,2017/11/29 0:20,1587.558284,,2017/11/30 0:20,1682.948435,,2017/12/1 0:20,1704.426471,,2017/12/4 0:20,1596.340839
321,2017/11/23 1:21,1611.475702,,2017/11/24 0:51,1600.579079,,2017/11/27 0:21,1590.502672,,2017/11/28 0:21,1660.418789,,2017/11/29 0:21,1587.50228,,2017/11/30 0:21,1682.832832,,2017/12/1 0:21,1704.392921,,2017/12/4 0:21,1596.437643
322,2017/11/23 1:22,1611.667068,,2017/11/24 0:52,1599.927278,,2017/11/27 0:22,1590.446584,,2017/11/28 0:22,1660.363306,,2017/11/29 0:22,1587.446275,,2017/11/30 0:22,1682.812736,,2017/12/1 0:22,1704.583362,,2017/12/4 0:22,1596.437643
323,2017/11/23 1:23,1611.521525,,2017/11/24 0:53,1599.451725,,2017/11/27 0:23,1590.536716,,2017/11/28 0:23,1660.363306,,2017/11/29 0:23,1587.446275,,2017/11/30 0:23,1682.987633,,2017/12/1 0:23,1704.471367,,2017/12/4 0:23,1596.340839
324,2017/11/23 1:24,1611.373291,,2017/11/24 0:54,1599.84656,,2017/11/27 0:24,1590.710981,,2017/11/28 0:24,1660.363306,,2017/11/29 0:24,1587.344902,,2017/11/30 0:24,1683.200732,,2017/12/1 0:24,1704.560914,,2017/12/4 0:24,1596.340839
325,2017/11/23 1:25,1611.373291,,2017/11/24 0:55,1599.75145,,2017/11/27 0:25,1590.626849,,2017/11/28 0:25,1660.376943,,2017/11/29 0:25,1587.310171,,2017/11/30 0:25,1683.104231,,2017/12/1 0:25,1704.516019,,2017/12/4 0:25,1596.437643
326,2017/11/23 1:26,1611.179234,,2017/11/24 0:56,1599.799005,,2017/11/27 0:26,1590.592804,,2017/11/28 0:26,1660.175933,,2017/11/29 0:26,1587.446275,,2017/11/30 0:26,1683.218837,,2017/12/1 0:26,1704.236031,,2017/12/4 0:26,1596.463846
327,2017/11/23 1:27,1610.527019,,2017/11/24 0:57,1599.903711,,2017/11/27 0:27,1590.592804,,2017/11/28 0:27,1660.342383,,2017/11/29 0:27,1587.446275,,2017/11/30 0:27,1683.452033,,2017/12/1 0:27,1704.292028,,2017/12/4 0:27,1596.56065
328,2017/11/23 1:28,1609.386969,,2017/11/24 0:58,1600.246193,,2017/11/27 0:28,1590.536716,,2017/11/28 0:28,1660.376943,,2017/11/29 0:28,1587.152794,,2017/11/30 0:28,1683.876239,,2017/12/1 0:28,1704.359128,,2017/12/4 0:28,1596.585518
329,2017/11/23 1:29,1608.804797,,2017/11/24 0:59,1600.531524,,2017/11/27 0:29,1590.581783,,2017/11/28 0:29,1660.397866,,2017/11/29 0:29,1587.254166,,2017/11/30 0:29,1683.974732,,2017/12/1 0:29,1704.303131,,2017/12/4 0:29,1596.535781
330,2017/11/23 1:30,1608.804797,,2017/11/24 1:00,1600.241395,,2017/11/27 0:30,1590.536716,,2017/11/28 0:30,1660.279613,,2017/11/29 0:30,1587.142157,,2017/11/30 0:30,1683.78173,,2017/12/1 0:30,1704.314476,,2017/12/4 0:30,1596.436308
331,,0,,2017/11/24 1:01,1600.189042,,2017/11/27 0:31,1590.536716,,2017/11/28 0:31,1660.22413,,2017/11/29 0:31,1587.051421,,2017/11/30 0:31,1683.606833,,2017/12/1 0:31,1704.426471,,2017/12/4 0:31,1596.194298
332,,0,,2017/11/24 1:02,1600.189042,,2017/11/27 0:32,1590.581783,,2017/11/28 0:32,1660.265976,,2017/11/29 0:32,1587.107426,,2017/11/30 0:32,1683.568631,,2017/12/1 0:32,1704.504917,,2017/12/4 0:32,1595.948284
333,,0,,2017/11/24 1:03,1600.336505,,2017/11/27 0:33,1590.592804,,2017/11/28 0:33,1660.265976,,2017/11/29 0:33,1587.152794,,2017/11/30 0:33,1683.355532,,2017/12/1 0:33,1704.280683,,2017/12/4 0:33,1595.800408
334,,0,,2017/11/24 1:04,1600.63623,,2017/11/27 0:34,1590.480628,,2017/11/28 0:34,1660.22413,,2017/11/29 0:34,1587.254166,,2017/11/30 0:34,1683.238934,,2017/12/1 0:34,1704.157585,,2017/12/4 0:34,1595.608135
335,,0,,2017/11/24 1:05,1600.778896,,2017/11/27 0:35,1590.390496,,2017/11/28 0:35,1660.279613,,2017/11/29 0:35,1587.344902,,2017/11/30 0:35,1683.413831,,2017/12/1 0:35,1704.213583,,2017/12/4 0:35,1595.704939
336,,0,,2017/11/24 1:06,1600.726543,,2017/11/27 0:36,1590.007922,,2017/11/28 0:36,1660.09859,,2017/11/29 0:36,1587.418272,,2017/11/30 0:36,1683.31733,,2017/12/1 0:36,1704.17979,,2017/12/4 0:36,1595.461595
337,,0,,2017/11/24 1:07,1600.279355,,2017/11/27 0:37,1590.227253,,2017/11/28 0:37,1659.307251,,2017/11/29 0:37,1587.372904,,2017/11/30 0:37,1683.220829,,2017/12/1 0:37,1704.034245,,2017/12/4 0:37,1595.363456
338,,0,,2017/11/24 1:08,1600.089134,,2017/11/27 0:38,1590.244275,,2017/11/28 0:38,1659.251767,,2017/11/29 0:38,1587.344902,,2017/11/30 0:38,1682.832832,,2017/12/1 0:38,1704.112933,,2017/12/4 0:38,1595.363456
339,,0,,2017/11/24 1:09,1600.189042,,2017/11/27 0:39,1590.199209,,2017/11/28 0:39,1659.362734,,2017/11/29 0:39,1587.39027,,2017/11/30 0:39,1682.891132,,2017/12/1 0:39,1704.448919,,2017/12/4 0:39,1595.315054
340,,0,,2017/11/24 1:10,1599.799005,,2017/11/27 0:40,1589.861702,,2017/11/28 0:40,1659.057108,,2017/11/29 0:40,1587.299534,,2017/11/30 0:40,1683.005738,,2017/12/1 0:40,1704.448919,,2017/12/4 0:40,1594.973571
341,,0,,2017/11/24 1:11,1599.941671,,2017/11/27 0:41,1590.007922,,2017/11/28 0:41,1658.987988,,2017/11/29 0:41,1587.254166,,2017/11/30 0:41,1683.238934,,2017/12/1 0:41,1704.415369,,2017/12/4 0:41,1595.171183
342,,0,,2017/11/24 1:12,1600.041579,,2017/11/27 0:42,1590.007922,,2017/11/28 0:42,1658.974351,,2017/11/29 0:42,1587.418272,,2017/11/30 0:42,1683.238934,,2017/12/1 0:42,1704.493814,,2017/12/4 0:42,1595.461595
343,,0,,2017/11/24 1:13,1600.089134,,2017/11/27 0:43,1590.007922,,2017/11/28 0:43,1659.196284,,2017/11/29 0:43,1587.327537,,2017/11/30 0:43,1683.355532,,2017/12/1 0:43,1704.549812,,2017/12/4 0:43,1595.509997
344,,0,,2017/11/24 1:14,1600.136689,,2017/11/27 0:44,1590.109076,,2017/11/28 0:44,1659.196284,,2017/11/29 0:44,1586.768577,,2017/11/30 0:44,1682.698129,,2017/12/1 0:44,1704.628257,,2017/12/4 0:44,1595.363456
345,,0,,2017/11/24 1:15,1600.136689,,2017/11/27 0:45,1590.081032,,2017/11/28 0:45,1659.293614,,2017/11/29 0:45,1586.611199,,2017/11/30 0:45,1682.774533,,2017/12/1 0:45,1704.717805,,2017/12/4 0:45,1595.315054
346,,0,,2017/11/24 1:16,1599.994024,,2017/11/27 0:46,1590.052988,,2017/11/28 0:46,1659.307251,,2017/11/29 0:46,1586.464459,,2017/11/30 0:46,1682.949431,,2017/12/1 0:46,1704.437574,,2017/12/4 0:46,1595.315054
347,,0,,2017/11/24 1:17,1600.089134,,2017/11/27 0:47,1590.007922,,2017/11/28 0:47,1659.196284,,2017/11/29 0:47,1586.464459,,2017/11/30 0:47,1682.832832,,2017/12/1 0:47,1704.381576,,2017/12/4 0:47,1595.315054
348,,0,,2017/11/24 1:18,1599.84656,,2017/11/27 0:48,1590.143121,,2017/11/28 0:48,1659.098954,,2017/11/29 0:48,1586.108244,,2017/11/30 0:48,1682.832832,,2017/12/1 0:48,1704.135138,,2017/12/4 0:48,1595.461595
349,,0,,2017/11/24 1:19,1599.984428,,2017/11/27 0:49,1590.007922,,2017/11/28 0:49,1659.127164,,2017/11/29 0:49,1586.170977,,2017/11/30 0:49,1683.142433,,2017/12/1 0:49,1703.966902,,2017/12/4 0:49,1595.509997
350,,0,,2017/11/24 1:20,1599.651542,,2017/11/27 0:50,1589.996901,,2017/11/28 0:50,1659.251767,,2017/11/29 0:50,1586.006871,,2017/11/30 0:50,1683.123332,,2017/12/1 0:50,1703.720463,,2017/12/4 0:50,1595.411858
351,,0,,2017/11/24 1:21,1599.504078,,2017/11/27 0:51,1589.906768,,2017/11/28 0:51,1659.251767,,2017/11/29 0:51,1586.097607,,2017/11/30 0:51,1683.181631,,2017/12/1 0:51,1703.776461,,2017/12/4 0:51,1595.411858
352,,0,,2017/11/24 1:22,1599.882332,,2017/11/27 0:52,1589.962856,,2017/11/28 0:52,1659.127164,,2017/11/29 0:52,1585.584015,,2017/11/30 0:52,1682.619733,,2017/12/1 0:52,1703.260894,,2017/12/4 0:52,1595.411858
353,,0,,2017/11/24 1:23,1600.310329,,2017/11/27 0:53,1589.934812,,2017/11/28 0:53,1659.69657,,2017/11/29 0:53,1585.38127,,2017/11/30 0:53,1681.692925,,2017/12/1 0:53,1703.00311,,2017/12/4 0:53,1595.363456
354,,0,,2017/11/24 1:24,1600.384061,,2017/11/27 0:54,1590.06401,,2017/11/28 0:54,1659.821174,,2017/11/29 0:54,1585.245166,,2017/11/30 0:54,1681.43764,,2017/12/1 0:54,1702.891115,,2017/12/4 0:54,1595.067705
355,,0,,2017/11/24 1:25,1600.336505,,2017/11/27 0:55,1590.06401,,2017/11/28 0:55,1659.654724,,2017/11/29 0:55,1585.290534,,2017/11/30 0:55,1682.02063,,2017/12/1 0:55,1702.779119,,2017/12/4 0:55,1594.970901
356,,0,,2017/11/24 1:26,1600.384061,,2017/11/27 0:56,1590.143121,,2017/11/28 0:56,1659.7939,,2017/11/29 0:56,1585.245166,,2017/11/30 0:56,1681.517032,,2017/12/1 0:56,1702.779119,,2017/12/4 0:56,1595.020638
357,,0,,2017/11/24 1:27,1600.241395,,2017/11/27 0:57,1590.007922,,2017/11/28 0:57,1659.710207,,2017/11/29 0:57,1585.210435,,2017/11/30 0:57,1681.690933,,2017/12/1 0:57,1702.453993,,2017/12/4 0:57,1595.120111
358,,0,,2017/11/24 1:28,1600.141487,,2017/11/27 0:58,1589.951834,,2017/11/28 0:58,1659.710207,,2017/11/29 0:58,1585.301171,,2017/11/30 0:58,1681.885927,,2017/12/1 0:58,1702.218657,,2017/12/4 0:58,1595.167178
359,,0,,2017/11/24 1:29,1600.236597,,2017/11/27 0:59,1589.906768,,2017/11/28 0:59,1659.654724,,2017/11/29 0:59,1585.437275,,2017/11/30 0:59,1681.71103,,2017/12/1 0:59,1701.994666,,2017/12/4 0:59,1595.118776
360,,0,,2017/11/24 1:30,1600.393656,,2017/11/27 1:00,1589.614327,,2017/11/28 1:00,1659.50191,,2017/11/29 1:00,1585.391907,,2017/11/30 1:00,1681.40143,,2017/12/1 1:00,1702.062009,,2017/12/4 1:00,1595.120111
361,,0,,,0,,2017/11/27 1:01,1589.816635,,2017/11/28 1:01,1659.494624,,2017/11/29 1:01,1585.189161,,2017/11/30 1:01,1681.168233,,2017/12/1 1:01,1702.140454,,2017/12/4 1:01,1595.315054
362,,0,,,0,,2017/11/27 1:02,1589.788591,,2017/11/28 1:02,1659.43279,,2017/11/29 1:02,1585.042421,,2017/11/30 1:02,1681.304928,,2017/12/1 1:02,1701.691987,,2017/12/4 1:02,1595.313719
363,,0,,,0,,2017/11/27 1:03,1589.833658,,2017/11/28 1:03,1659.59924,,2017/11/29 1:03,1584.951685,,2017/11/30 1:03,1681.246629,,2017/12/1 1:03,1701.411999,,2017/12/4 1:03,1595.265317
364,,0,,,0,,2017/11/27 1:04,1589.906768,,2017/11/28 1:04,1659.50191,,2017/11/29 1:04,1584.682298,,2017/11/30 1:04,1681.266726,,2017/12/1 1:04,1701.467996,,2017/12/4 1:04,1595.265317
365,,0,,,0,,2017/11/27 1:05,1589.906768,,2017/11/28 1:05,1659.460064,,2017/11/29 1:05,1584.647567,,2017/11/30 1:05,1681.208427,,2017/12/1 1:05,1701.333553,,2017/12/4 1:05,1595.216915
366,,0,,,0,,2017/11/27 1:06,1589.805614,,2017/11/28 1:06,1659.418218,,2017/11/29 1:06,1584.623473,,2017/11/30 1:06,1681.109934,,2017/12/1 1:06,1701.411999,,2017/12/4 1:06,1595.316389
367,,0,,,0,,2017/11/27 1:07,1589.760547,,2017/11/28 1:07,1659.362734,,2017/11/29 1:07,1584.804944,,2017/11/30 1:07,1681.051635,,2017/12/1 1:07,1701.467996,,2017/12/4 1:07,1595.413193
368,,0,,,0,,2017/11/27 1:08,1589.760547,,2017/11/28 1:08,1659.098954,,2017/11/29 1:08,1585.346539,,2017/11/30 1:08,1682.698129,,2017/12/1 1:08,1701.65868,,2017/12/4 1:08,1595.558399
369,,0,,,0,,2017/11/27 1:09,1589.760547,,2017/11/28 1:09,1659.098954,,2017/11/29 1:09,1584.958413,,2017/11/30 1:09,1682.271931,,2017/12/1 1:09,1702.084457,,2017/12/4 1:09,1595.461595
370,,0,,,0,,2017/11/27 1:10,1589.816635,,2017/11/28 1:10,1658.827888,,2017/11/29 1:10,1584.399454,,2017/11/30 1:10,1681.960339,,2017/12/1 1:10,1702.532681,,2017/12/4 1:10,1595.608135
371,,0,,,0,,2017/11/27 1:11,1589.861702,,2017/11/28 1:11,1658.772405,,2017/11/29 1:11,1584.217982,,2017/11/30 1:11,1682.310133,,2017/12/1 1:11,1702.756672,,2017/12/4 1:11,1595.656537
372,,0,,,0,,2017/11/27 1:12,1589.242775,,2017/11/28 1:12,1658.508625,,2017/11/29 1:12,1584.217982,,2017/11/30 1:12,1682.368432,,2017/12/1 1:12,1702.510233,,2017/12/4 1:12,1595.6068
373,,0,,,0,,2017/11/27 1:13,1589.535216,,2017/11/28 1:13,1658.654152,,2017/11/29 1:13,1584.41009,,2017/11/30 1:13,1682.368432,,2017/12/1 1:13,1702.633574,,2017/12/4 1:13,1595.558399
374,,0,,,0,,2017/11/27 1:14,1589.760547,,2017/11/28 1:14,1658.453141,,2017/11/29 1:14,1584.186071,,2017/11/30 1:14,1682.232733,,2017/12/1 1:14,1702.756915,,2017/12/4 1:14,1595.558399
375,,0,,,0,,2017/11/27 1:15,1589.670415,,2017/11/28 1:15,1658.508625,,2017/11/29 1:15,1583.823128,,2017/11/30 1:15,1682.349331,,2017/12/1 1:15,1703.036903,,2017/12/4 1:15,1595.558399
376,,0,,,0,,2017/11/27 1:16,1589.760547,,2017/11/28 1:16,1658.445855,,2017/11/29 1:16,1583.596289,,2017/11/30 1:16,1682.63983,,2017/12/1 1:16,1703.048248,,2017/12/4 1:16,1595.6068
377,,0,,,0,,2017/11/27 1:17,1589.861702,,2017/11/28 1:17,1658.112955,,2017/11/29 1:17,1583.540284,,2017/11/30 1:17,1683.180635,,2017/12/1 1:17,1703.171589,,2017/12/4 1:17,1595.803078
378,,0,,,0,,2017/11/27 1:18,1589.917789,,2017/11/28 1:18,1658.279405,,2017/11/29 1:18,1583.721755,,2017/11/30 1:18,1683.083138,,2017/12/1 1:18,1703.642504,,2017/12/4 1:18,1596.173434
379,,0,,,0,,2017/11/27 1:19,1590.007922,,2017/11/28 1:19,1658.279405,,2017/11/29 1:19,1583.721755,,2017/11/30 1:19,1683.258035,,2017/12/1 1:19,1703.866495,,2017/12/4 1:19,1596.705856
380,,0,,,0,,2017/11/27 1:20,1590.052988,,2017/11/28 1:20,1658.529548,,2017/11/29 1:20,1583.382906,,2017/11/30 1:20,1683.878231,,2017/12/1 1:20,1704.426714,,2017/12/4 1:20,1596.828863
381,,0,,,0,,2017/11/27 1:21,1590.221252,,2017/11/28 1:21,1658.445855,,2017/11/29 1:21,1582.718665,,2017/11/30 1:21,1684.398939,,2017/12/1 1:21,1704.650705,,2017/12/4 1:21,1596.827528
382,,0,,,0,,2017/11/27 1:22,1590.648892,,2017/11/28 1:22,1658.126592,,2017/11/29 1:22,1582.019693,,2017/11/30 1:22,1684.710531,,2017/12/1 1:22,1704.650705,,2017/12/4 1:22,1596.779126
383,,0,,,0,,2017/11/27 1:23,1590.739025,,2017/11/28 1:23,1658.015625,,2017/11/29 1:23,1581.611383,,2017/11/30 1:23,1684.710531,,2017/12/1 1:23,1704.650705,,2017/12/4 1:23,1596.730724
384,,0,,,0,,2017/11/27 1:24,1591.166665,,2017/11/28 1:24,1657.723636,,2017/11/29 1:24,1581.069788,,2017/11/30 1:24,1684.961832,,2017/12/1 1:24,1704.72915,,2017/12/4 1:24,1596.559315
385,,0,,,0,,2017/11/27 1:25,1591.425061,,2017/11/28 1:25,1657.09781,,2017/11/29 1:25,1581.02442,,2017/11/30 1:25,1684.825137,,2017/12/1 1:25,1704.594707,,2017/12/4 1:25,1596.389241
386,,0,,,0,,2017/11/27 1:26,1591.571281,,2017/11/28 1:26,1656.542977,,2017/11/29 1:26,1580.381453,,2017/11/30 1:26,1684.304429,,2017/12/1 1:26,1704.583362,,2017/12/4 1:26,1596.291102
387,,0,,,0,,2017/11/27 1:27,1591.70648,,2017/11/28 1:27,1656.59846,,2017/11/29 1:27,1580.109246,,2017/11/30 1:27,1684.129532,,2017/12/1 1:27,1704.527364,,2017/12/4 1:27,1596.291102
388,,0,,,0,,2017/11/27 1:28,1591.605326,,2017/11/28 1:28,1656.584823,,2017/11/29 1:28,1579.927774,,2017/11/30 1:28,1683.93653,,2017/12/1 1:28,1704.112933,,2017/12/4 1:28,1596.041084
389,,0,,,0,,2017/11/27 1:29,1591.672436,,2017/11/28 1:29,1656.876813,,2017/11/29 1:29,1579.885227,,2017/11/30 1:29,1684.226033,,2017/12/1 1:29,1704.482712,,2017/12/4 1:29,1595.458925
390,,0,,,0,,2017/11/27 1:30,1591.784611,,2017/11/28 1:30,1656.876813,,2017/11/29 1:30,1580.053241,,2017/11/30 1:30,1684.226033,,2017/12/1 1:30,1704.482712,,2017/12/4 1:30,1595.508662
